uid,trial,scenario,q1,q2,rt1,rt2,history,witness,physical,TimedOut,group
20000,0,8,37,66,2.012,4.727,relatedPrior,noWitness,DNA,F,mri
20000,1,1,0,63,1.497,4.562,unrelatedPrior,noWitness,noPhys,F,mri
20000,2,6,0,35,1.246,3.103,noPrior,noWitness,noPhys,F,mri
20000,3,19,45,54,3.18,3.395,unrelatedPrior,noWitness,nonDNA,F,mri
20000,4,3,85,41,2.912,3.695,noPrior,isWitness,nonDNA,F,mri
20000,5,28,55,86,3.478,4.695,unrelatedPrior,noWitness,DNA,F,mri
20000,6,33,56,41,4.214,2.475,relatedPrior,isWitness,DNA,F,mri
20000,7,23,61,90,2.629,2.978,noPrior,noWitness,nonDNA,F,mri
20000,8,5,91,76,3.366,3.278,unrelatedPrior,isWitness,nonDNA,F,mri
20000,9,26,91,88,2.947,3.524,unrelatedPrior,isWitness,nonDNA,F,mri
20000,10,12,59,45,4.297,3.744,relatedPrior,isWitness,nonDNA,F,mri
20000,11,29,40,56,4.063,4.378,unrelatedPrior,noWitness,noPhys,F,mri
20000,12,2,82,50,2.228,2.126,noPrior,isWitness,nonDNA,F,mri
20000,13,17,70,84,3.594,3.044,unrelatedPrior,isWitness,noPhys,F,mri
20000,14,24,57,57,3.371,4.741,relatedPrior,isWitness,noPhys,F,mri
20000,15,7,86,70,2.862,4.493,unrelatedPrior,isWitness,nonDNA,F,mri
20000,16,30,71,61,3.478,2.828,relatedPrior,noWitness,DNA,F,mri
20000,17,10,77,74,3.013,2.811,unrelatedPrior,isWitness,DNA,F,mri
20000,18,21,71,88,6,3.495,noPrior,noWitness,DNA,T,mri
20000,19,20,0,100,6,2.38,unrelatedPrior,noWitness,noPhys,T,mri
20000,20,16,77,96,2.579,3.559,relatedPrior,noWitness,nonDNA,F,mri
20000,21,22,57,41,2.713,2.561,noPrior,noWitness,nonDNA,F,mri
20000,22,32,74,69,3.78,2.594,noPrior,noWitness,DNA,F,mri
20000,23,27,81,46,2.566,3.693,unrelatedPrior,noWitness,DNA,F,mri
20000,24,18,47,41,4.046,3.579,relatedPrior,noWitness,DNA,F,mri
20000,25,31,64,62,2.362,2.364,noPrior,noWitness,nonDNA,F,mri
20000,26,9,68,63,2.163,2.459,relatedPrior,noWitness,noPhys,F,mri
20000,27,25,43,54,3.165,3.562,noPrior,noWitness,noPhys,F,mri
20000,28,11,61,73,3.444,3.993,unrelatedPrior,isWitness,noPhys,F,mri
20000,29,14,93,79,2.746,2.644,unrelatedPrior,isWitness,DNA,F,mri
20000,30,15,58,39,2.496,3.026,unrelatedPrior,isWitness,DNA,F,mri
20000,31,4,61,56,3.646,4.211,noPrior,isWitness,DNA,F,mri
20000,32,13,58,76,3.628,2.377,unrelatedPrior,noWitness,nonDNA,F,mri
20007,0,25,56,41,5.493,5.543,unrelatedPrior,noWitness,DNA,F,mri
20007,1,12,68,0,3.765,2.594,relatedPrior,noWitness,nonDNA,F,mri
20007,2,26,88,91,3.464,6,relatedPrior,isWitness,DNA,T,mri
20007,3,19,65,58,2.813,3.428,unrelatedPrior,isWitness,DNA,F,mri
20007,4,18,28,59,3.112,4.164,noPrior,noWitness,nonDNA,F,mri
20007,5,16,41,41,4.109,4.145,relatedPrior,isWitness,nonDNA,F,mri
20007,6,22,30,45,2.461,2.693,relatedPrior,isWitness,DNA,F,mri
20007,7,17,0,48,6,3.745,relatedPrior,isWitness,nonDNA,T,mri
20007,8,7,17,78,2.212,3.243,relatedPrior,noWitness,noPhys,F,mri
20007,9,30,58,74,4.214,4.443,relatedPrior,isWitness,noPhys,F,mri
20007,10,33,63,61,4.33,3.976,noPrior,isWitness,noPhys,F,mri
20007,11,1,59,37,4.7,4.726,relatedPrior,noWitness,DNA,F,mri
20007,12,10,67,82,3.575,4.884,noPrior,noWitness,nonDNA,F,mri
20007,13,32,69,97,3.38,4.928,unrelatedPrior,noWitness,nonDNA,F,mri
20007,14,6,75,19,3.196,2.909,noPrior,isWitness,DNA,F,mri
20007,15,21,25,87,2.828,4.71,relatedPrior,noWitness,noPhys,F,mri
20007,16,5,68,51,4.697,2.777,noPrior,noWitness,DNA,F,mri
20007,17,27,10,26,2.079,3.439,relatedPrior,noWitness,noPhys,F,mri
20007,18,2,35,33,5.312,5.128,unrelatedPrior,noWitness,nonDNA,F,mri
20007,19,24,50,40,3.366,3.294,unrelatedPrior,isWitness,DNA,F,mri
20007,20,20,9,64,2.196,6,unrelatedPrior,isWitness,noPhys,T,mri
20007,21,15,19,44,2.646,5.126,unrelatedPrior,noWitness,noPhys,F,mri
20007,22,8,75,54,3.43,3.193,relatedPrior,isWitness,nonDNA,F,mri
20007,23,29,56,46,2.365,4.593,unrelatedPrior,noWitness,DNA,F,mri
20007,24,11,72,66,4.561,3.41,relatedPrior,noWitness,DNA,F,mri
20007,25,3,9,38,1.895,3.345,unrelatedPrior,noWitness,noPhys,F,mri
20007,26,4,48,50,1.928,3.227,noPrior,noWitness,nonDNA,F,mri
20007,27,28,63,94,2.896,4.276,relatedPrior,isWitness,noPhys,F,mri
20007,28,14,88,82,2.779,3.944,relatedPrior,isWitness,nonDNA,F,mri
20007,29,9,53,47,2.06,2.843,noPrior,noWitness,nonDNA,F,mri
20007,30,13,45,30,3.512,2.826,unrelatedPrior,noWitness,noPhys,F,mri
20007,31,31,20,53,6,4.877,noPrior,noWitness,noPhys,T,mri
20007,32,23,28,94,2.911,2.653,unrelatedPrior,noWitness,noPhys,F,mri
19968,0,29,80,39,4.195,6,unrelatedPrior,isWitness,DNA,T,mri
19968,1,24,100,42,2.13,2.111,relatedPrior,isWitness,nonDNA,F,mri
19968,2,22,23,27,1.847,3.344,unrelatedPrior,noWitness,nonDNA,F,mri
19968,3,1,13,11,1.745,2.512,relatedPrior,noWitness,noPhys,F,mri
19968,4,5,16,85,2.247,2.209,relatedPrior,noWitness,noPhys,F,mri
19968,5,27,10,21,0.757,1.66,noPrior,noWitness,DNA,F,mri
19968,6,8,100,47,2.389,1.792,relatedPrior,isWitness,DNA,F,mri
19968,7,17,8,50,1.892,2.419,noPrior,isWitness,noPhys,F,mri
19968,8,32,68,100,2.979,2.611,noPrior,isWitness,DNA,F,mri
19968,9,4,25,56,6,3.091,noPrior,noWitness,nonDNA,T,mri
19968,10,16,58,92,3.031,3.217,unrelatedPrior,noWitness,DNA,F,mri
19968,11,30,26,100,2.375,2.389,unrelatedPrior,isWitness,noPhys,F,mri
19968,12,33,43,52,1.878,1.543,noPrior,noWitness,nonDNA,F,mri
19968,13,15,29,30,1.511,3.01,noPrior,isWitness,noPhys,F,mri
19968,14,12,52,39,2.795,1.854,noPrior,noWitness,DNA,F,mri
19968,15,10,45,88,1.445,2.495,noPrior,noWitness,nonDNA,F,mri
19968,16,14,75,74,3.007,2.702,relatedPrior,noWitness,nonDNA,F,mri
19968,17,7,86,74,3.508,2.819,noPrior,isWitness,nonDNA,F,mri
19968,18,31,68,83,2.928,3.625,unrelatedPrior,isWitness,nonDNA,F,mri
19968,19,28,0,100,1.219,3.234,noPrior,noWitness,DNA,F,mri
19968,20,11,26,0,2.541,1.616,noPrior,isWitness,nonDNA,F,mri
19968,21,13,96,23,2.653,1.663,noPrior,isWitness,DNA,F,mri
19968,22,26,41,89,2.424,3.62,noPrior,noWitness,DNA,F,mri
19968,23,20,46,71,2.667,3.711,noPrior,isWitness,nonDNA,F,mri
19968,24,25,60,25,4.816,2.025,relatedPrior,noWitness,DNA,F,mri
19968,25,2,53,36,3.433,2.014,unrelatedPrior,noWitness,DNA,F,mri
19968,26,6,35,23,3.245,1.293,relatedPrior,isWitness,noPhys,F,mri
19968,27,18,39,55,2.579,2.19,unrelatedPrior,isWitness,noPhys,F,mri
19968,28,21,66,64,2.375,1.996,relatedPrior,isWitness,noPhys,F,mri
19968,29,23,34,60,1.803,3.394,noPrior,isWitness,DNA,F,mri
19968,30,19,55,47,2.318,3.472,relatedPrior,isWitness,noPhys,F,mri
19968,31,9,52,52,2.162,2.095,noPrior,noWitness,DNA,F,mri
19968,32,3,0,25,2.089,1.331,noPrior,noWitness,DNA,F,mri
20080,0,29,96,38,2.653,2.223,relatedPrior,noWitness,DNA,F,mri
20080,1,19,10,11,1.386,1.81,relatedPrior,isWitness,noPhys,F,mri
20080,2,18,39,10,2.196,1.364,relatedPrior,noWitness,nonDNA,F,mri
20080,3,33,35,37,3.59,4.389,relatedPrior,noWitness,noPhys,F,mri
20080,4,24,0,22,0.854,3.636,relatedPrior,noWitness,noPhys,F,mri
20080,5,15,25,19,3.873,2.628,relatedPrior,noWitness,nonDNA,F,mri
20080,6,10,0,100,1.797,3.037,noPrior,isWitness,noPhys,F,mri
20080,7,30,15,85,1.796,4.581,unrelatedPrior,noWitness,nonDNA,F,mri
20080,8,7,13,70,2.693,4.675,unrelatedPrior,isWitness,noPhys,F,mri
20080,9,21,0,93,0.818,3.675,noPrior,noWitness,noPhys,F,mri
20080,10,13,15,68,2.441,6,noPrior,isWitness,noPhys,T,mri
20080,11,28,19,100,1.904,3.02,relatedPrior,noWitness,DNA,F,mri
20080,12,27,6,6,2.46,2.054,noPrior,noWitness,nonDNA,F,mri
20080,13,16,58,100,2.616,2.813,unrelatedPrior,isWitness,nonDNA,F,mri
20080,14,22,0,40,0.746,2.463,noPrior,noWitness,noPhys,F,mri
20080,15,20,48,98,3.074,2.643,noPrior,noWitness,nonDNA,F,mri
20080,16,17,33,75,2.782,3.792,unrelatedPrior,isWitness,noPhys,F,mri
20080,17,3,37,43,2.661,3.049,unrelatedPrior,isWitness,DNA,F,mri
20080,18,25,8,28,1.336,2.134,noPrior,isWitness,noPhys,F,mri
20080,19,31,18,95,2.734,3.189,relatedPrior,noWitness,DNA,F,mri
20080,20,5,0,100,0.891,2.52,relatedPrior,noWitness,noPhys,F,mri
20080,21,23,37,100,2.829,2.794,unrelatedPrior,noWitness,DNA,F,mri
20080,22,2,8,36,1.814,2.255,relatedPrior,noWitness,noPhys,F,mri
20080,23,12,75,40,2.502,2.369,noPrior,isWitness,DNA,F,mri
20080,24,14,9,70,2.649,2.982,noPrior,noWitness,DNA,F,mri
20080,25,8,11,44,1.344,3.123,noPrior,isWitness,noPhys,F,mri
20080,26,26,13,91,1.612,3.378,unrelatedPrior,isWitness,noPhys,F,mri
20080,27,4,46,53,2.469,2.028,relatedPrior,noWitness,nonDNA,F,mri
20080,28,11,0,74,0.856,4.048,unrelatedPrior,noWitness,noPhys,F,mri
20080,29,9,64,67,2.514,3.678,unrelatedPrior,isWitness,nonDNA,F,mri
20080,30,1,0,41,0.48,3.092,noPrior,noWitness,noPhys,F,mri
20080,31,6,64,34,2.798,2.266,relatedPrior,isWitness,DNA,F,mri
20080,32,32,46,96,2.915,2.504,unrelatedPrior,noWitness,nonDNA,F,mri
19974,0,17,99,0,4.198,2.134,relatedPrior,isWitness,nonDNA,F,mri
19974,1,11,100,72,2.865,5.044,noPrior,noWitness,DNA,F,mri
19974,2,4,18,0,2.777,2.99,noPrior,isWitness,noPhys,F,mri
19974,3,20,89,61,2.837,2.23,relatedPrior,isWitness,nonDNA,F,mri
19974,4,26,58,44,3.004,3.437,noPrior,noWitness,DNA,F,mri
19974,5,21,55,65,4.039,5.252,relatedPrior,isWitness,DNA,F,mri
19974,6,19,75,34,3.862,2.368,noPrior,isWitness,nonDNA,F,mri
19974,7,24,28,33,2.501,3.003,unrelatedPrior,isWitness,DNA,F,mri
19974,8,10,42,77,1.703,4.359,unrelatedPrior,noWitness,DNA,F,mri
19974,9,32,46,0,2.742,2.126,noPrior,isWitness,nonDNA,F,mri
19974,10,13,24,52,4.606,5.127,unrelatedPrior,noWitness,DNA,F,mri
19974,11,23,9,44,2.174,5.566,relatedPrior,noWitness,noPhys,F,mri
19974,12,7,94,91,4.377,4.173,noPrior,isWitness,nonDNA,F,mri
19974,13,28,77,67,4.461,2.432,noPrior,isWitness,nonDNA,F,mri
19974,14,1,68,76,4.521,3.375,noPrior,isWitness,noPhys,F,mri
19974,15,31,98,60,2.796,3.689,unrelatedPrior,isWitness,nonDNA,F,mri
19974,16,27,0,0,1.847,2.793,unrelatedPrior,noWitness,noPhys,F,mri
19974,17,29,10,21,2.668,2.503,unrelatedPrior,noWitness,noPhys,F,mri
19974,18,25,9,8,3.387,3.286,noPrior,noWitness,noPhys,F,mri
19974,19,16,11,93,1.744,4.532,unrelatedPrior,isWitness,noPhys,F,mri
19974,20,33,0,33,3.767,1.716,relatedPrior,noWitness,noPhys,F,mri
19974,21,5,35,61,4.014,1.916,relatedPrior,noWitness,noPhys,F,mri
19974,22,3,47,31,3.718,6,noPrior,isWitness,noPhys,T,mri
19974,23,22,62,35,4.095,5.389,noPrior,noWitness,nonDNA,F,mri
19974,24,14,50,57,1.745,2.205,noPrior,noWitness,nonDNA,F,mri
19974,25,6,42,56,2.926,3.656,noPrior,noWitness,DNA,F,mri
19974,26,8,27,44,2.731,2.246,unrelatedPrior,noWitness,noPhys,F,mri
19974,27,12,56,61,3.538,2.455,unrelatedPrior,noWitness,nonDNA,F,mri
19974,28,15,29,25,3.165,1.427,noPrior,isWitness,DNA,F,mri
19974,29,2,82,38,2.502,2.24,noPrior,isWitness,nonDNA,F,mri
19974,30,18,67,26,2.286,1.203,unrelatedPrior,isWitness,nonDNA,F,mri
19974,31,9,37,53,2.979,1.625,relatedPrior,noWitness,DNA,F,mri
19974,32,30,90,83,2.362,2.517,noPrior,noWitness,DNA,F,mri
19983,0,25,31,17,5.274,5.974,relatedPrior,noWitness,DNA,F,mri
19983,1,19,67,38,6,3.493,relatedPrior,isWitness,nonDNA,T,mri
19983,2,33,0,22,1.91,4.26,unrelatedPrior,noWitness,DNA,F,mri
19983,3,13,63,23,4.767,3.444,noPrior,isWitness,DNA,F,mri
19983,4,3,0,29,1.263,4.125,relatedPrior,noWitness,DNA,F,mri
19983,5,12,66,37,4.146,4.71,relatedPrior,isWitness,DNA,F,mri
19983,6,16,24,93,5.212,3.967,noPrior,noWitness,DNA,F,mri
19983,7,30,69,82,3.063,3.06,unrelatedPrior,noWitness,DNA,F,mri
19983,8,22,16,55,3.778,4.291,unrelatedPrior,isWitness,noPhys,F,mri
19983,9,4,44,39,5.496,2.843,unrelatedPrior,noWitness,nonDNA,F,mri
19983,10,10,20,76,2.943,3.294,noPrior,noWitness,noPhys,F,mri
19983,11,2,0,31,1.366,5.061,unrelatedPrior,noWitness,noPhys,F,mri
19983,12,11,65,89,4.262,3.678,unrelatedPrior,noWitness,DNA,F,mri
19983,13,6,9,17,3.913,3.625,unrelatedPrior,noWitness,noPhys,F,mri
19983,14,32,66,67,5.229,3.327,relatedPrior,isWitness,DNA,F,mri
19983,15,21,66,90,4.112,5.695,noPrior,noWitness,nonDNA,F,mri
19983,16,24,89,56,6,3.094,noPrior,noWitness,nonDNA,T,mri
19983,17,17,82,78,5.279,3.043,unrelatedPrior,isWitness,DNA,F,mri
19983,18,15,11,33,2.295,4.055,unrelatedPrior,isWitness,noPhys,F,mri
19983,19,1,76,52,4.166,2.962,unrelatedPrior,isWitness,nonDNA,F,mri
19983,20,5,94,81,3.296,3.311,unrelatedPrior,isWitness,DNA,F,mri
19983,21,26,69,89,3.011,2.861,noPrior,noWitness,DNA,F,mri
19983,22,9,36,24,4.706,2.528,noPrior,noWitness,DNA,F,mri
19983,23,18,28,36,2.83,3.161,relatedPrior,isWitness,noPhys,F,mri
19983,24,20,21,91,3.396,4.509,noPrior,isWitness,noPhys,F,mri
19983,25,29,77,76,3.323,2.644,relatedPrior,isWitness,DNA,F,mri
19983,26,8,0,33,1.279,6,unrelatedPrior,noWitness,noPhys,T,mri
19983,27,23,3,90,2.413,2.425,noPrior,noWitness,noPhys,F,mri
19983,28,7,11,85,3.013,2.01,relatedPrior,noWitness,noPhys,F,mri
19983,29,31,43,75,2.628,3.945,unrelatedPrior,noWitness,nonDNA,F,mri
19983,30,28,11,99,2.145,3.372,unrelatedPrior,noWitness,nonDNA,F,mri
19983,31,14,64,81,3.613,1.964,unrelatedPrior,noWitness,nonDNA,F,mri
19983,32,27,41,16,3.696,1.827,noPrior,noWitness,DNA,F,mri
20009,0,12,0,0,2.074,3.139,unrelatedPrior,isWitness,noPhys,F,mri
20009,1,19,11,22,2.646,4.291,relatedPrior,noWitness,noPhys,F,mri
20009,2,25,43,62,4.556,4.513,relatedPrior,noWitness,nonDNA,F,mri
20009,3,10,0,97,1.224,2.941,relatedPrior,noWitness,noPhys,F,mri
20009,4,17,29,71,3.764,4.325,unrelatedPrior,noWitness,DNA,F,mri
20009,5,26,33,94,2.511,2.457,unrelatedPrior,noWitness,noPhys,F,mri
20009,6,16,96,100,2.406,2.105,noPrior,isWitness,nonDNA,F,mri
20009,7,27,26,18,3.527,2.887,noPrior,noWitness,nonDNA,F,mri
20009,8,3,99,29,3.134,1.658,relatedPrior,isWitness,nonDNA,F,mri
20009,9,29,100,33,2.676,1.761,unrelatedPrior,isWitness,DNA,F,mri
20009,10,28,0,0,0.525,1.126,relatedPrior,noWitness,noPhys,F,mri
20009,11,20,100,92,2.463,2.142,unrelatedPrior,isWitness,DNA,F,mri
20009,12,32,9,96,2.405,2.076,relatedPrior,isWitness,noPhys,F,mri
20009,13,23,0,97,0.844,2.326,unrelatedPrior,noWitness,nonDNA,F,mri
20009,14,14,98,77,2.412,2.593,noPrior,noWitness,DNA,F,mri
20009,15,15,24,19,4.453,2.942,unrelatedPrior,isWitness,DNA,F,mri
20009,16,4,100,64,4.629,3.109,relatedPrior,noWitness,nonDNA,F,mri
20009,17,6,57,27,6,3.31,relatedPrior,isWitness,noPhys,T,mri
20009,18,30,0,76,0.946,3.725,relatedPrior,isWitness,DNA,F,mri
20009,19,21,68,100,4.029,4.226,unrelatedPrior,noWitness,DNA,F,mri
20009,20,24,67,48,2.764,2.277,relatedPrior,isWitness,nonDNA,F,mri
20009,21,31,29,41,3.045,2.325,relatedPrior,noWitness,nonDNA,F,mri
20009,22,18,0,22,0.945,4.762,unrelatedPrior,noWitness,noPhys,F,mri
20009,23,8,96,26,3.095,3.476,unrelatedPrior,isWitness,nonDNA,F,mri
20009,24,11,98,84,2.612,1.907,relatedPrior,noWitness,DNA,F,mri
20009,25,2,100,51,2.66,1.46,unrelatedPrior,isWitness,DNA,F,mri
20009,26,33,76,47,2.311,4.125,unrelatedPrior,isWitness,nonDNA,F,mri
20009,27,13,39,16,3.661,4.374,relatedPrior,noWitness,DNA,F,mri
20009,28,1,67,39,3.612,3.174,unrelatedPrior,noWitness,DNA,F,mri
20009,29,22,45,64,2.144,2.308,unrelatedPrior,noWitness,noPhys,F,mri
20009,30,9,0,51,6,2.192,relatedPrior,noWitness,DNA,T,mri
20009,31,7,73,89,2.744,3.291,noPrior,noWitness,DNA,F,mri
20009,32,5,0,42,6,1.592,relatedPrior,isWitness,DNA,T,mri
20070,0,29,32,62,2.637,4.909,noPrior,noWitness,noPhys,F,mri
20070,1,32,82,100,2.929,2.778,relatedPrior,noWitness,nonDNA,F,mri
20070,2,9,40,19,2.076,1.363,unrelatedPrior,noWitness,nonDNA,F,mri
20070,3,20,76,100,2.462,2.209,relatedPrior,isWitness,nonDNA,F,mri
20070,4,16,0,100,0.78,2.611,noPrior,noWitness,noPhys,F,mri
20070,5,13,36,36,1.622,1.761,relatedPrior,noWitness,nonDNA,F,mri
20070,6,17,100,92,2.394,3.164,relatedPrior,isWitness,DNA,F,mri
20070,7,22,91,58,2.56,2.943,relatedPrior,isWitness,DNA,F,mri
20070,8,21,10,82,1.212,2.994,unrelatedPrior,noWitness,noPhys,F,mri
20070,9,24,51,36,2.077,1.709,relatedPrior,isWitness,noPhys,F,mri
20070,10,31,35,75,1.929,2.077,relatedPrior,noWitness,noPhys,F,mri
20070,11,26,47,90,2.18,2.61,unrelatedPrior,noWitness,nonDNA,F,mri
20070,12,14,71,89,1.879,1.963,noPrior,isWitness,noPhys,F,mri
20070,13,12,63,35,1.929,1.16,relatedPrior,noWitness,nonDNA,F,mri
20070,14,7,100,100,2.413,2.964,relatedPrior,isWitness,DNA,F,mri
20070,15,8,83,24,2.177,1.327,noPrior,isWitness,nonDNA,F,mri
20070,16,23,62,100,1.965,2.076,unrelatedPrior,isWitness,DNA,F,mri
20070,17,3,24,9,1.344,0.727,noPrior,noWitness,DNA,F,mri
20070,18,25,55,8,2.046,0.81,relatedPrior,isWitness,noPhys,F,mri
20070,19,19,79,44,1.765,1.211,relatedPrior,isWitness,nonDNA,F,mri
20070,20,27,29,0,1.311,0.46,noPrior,noWitness,nonDNA,F,mri
20070,21,6,41,20,2.027,1.509,unrelatedPrior,noWitness,DNA,F,mri
20070,22,1,0,0,1.366,0.46,noPrior,noWitness,DNA,F,mri
20070,23,10,9,100,1.045,2.425,relatedPrior,noWitness,noPhys,F,mri
20070,24,15,9,35,0.861,1.492,relatedPrior,noWitness,noPhys,F,mri
20070,25,4,56,30,1.93,1.192,relatedPrior,noWitness,DNA,F,mri
20070,26,11,20,74,1.396,1.911,unrelatedPrior,noWitness,noPhys,F,mri
20070,27,28,57,100,2.71,2.277,unrelatedPrior,noWitness,nonDNA,F,mri
20070,28,2,56,53,2.195,1.511,noPrior,isWitness,nonDNA,F,mri
20070,29,30,42,69,1.229,1.643,unrelatedPrior,noWitness,nonDNA,F,mri
20070,30,18,26,21,1.394,1.228,unrelatedPrior,noWitness,noPhys,F,mri
20070,31,33,61,68,1.528,1.527,unrelatedPrior,noWitness,nonDNA,F,mri
20070,32,5,52,63,2.179,1.436,relatedPrior,noWitness,noPhys,F,mri
19993,0,6,100,40,3.344,2.657,relatedPrior,isWitness,DNA,F,mri
19993,1,33,13,60,3.843,3.994,noPrior,noWitness,noPhys,F,mri
19993,2,16,73,100,3.211,3.628,relatedPrior,isWitness,nonDNA,F,mri
19993,3,28,0,91,2.061,5.776,unrelatedPrior,noWitness,DNA,F,mri
19993,4,4,0,32,2.312,3.892,noPrior,noWitness,noPhys,F,mri
19993,5,15,61,40,2.555,2.877,unrelatedPrior,noWitness,DNA,F,mri
19993,6,2,0,24,1.646,4.893,unrelatedPrior,noWitness,noPhys,F,mri
19993,7,19,0,35,4.744,4.227,unrelatedPrior,noWitness,noPhys,F,mri
19993,8,11,83,0,2.513,0.992,relatedPrior,noWitness,nonDNA,F,mri
19993,9,32,87,84,5.229,3.905,unrelatedPrior,noWitness,nonDNA,F,mri
19993,10,21,80,100,3.013,3.11,relatedPrior,noWitness,nonDNA,F,mri
19993,11,5,0,92,1.597,3.227,noPrior,noWitness,noPhys,F,mri
19993,12,26,89,100,2.994,3.71,noPrior,isWitness,nonDNA,F,mri
19993,13,31,20,46,2.727,3.509,relatedPrior,noWitness,noPhys,F,mri
19993,14,24,97,36,2.496,2.973,relatedPrior,isWitness,nonDNA,F,mri
19993,15,17,85,56,2.26,5.06,relatedPrior,noWitness,nonDNA,F,mri
19993,16,29,97,28,3.511,3.01,relatedPrior,noWitness,DNA,F,mri
19993,17,27,52,17,1.861,2.563,noPrior,isWitness,nonDNA,F,mri
19993,18,18,47,42,2.393,5.009,noPrior,noWitness,DNA,F,mri
19993,19,23,73,100,3.528,3.175,relatedPrior,isWitness,noPhys,F,mri
19993,20,25,66,9,2.912,2.26,unrelatedPrior,noWitness,nonDNA,F,mri
19993,21,22,50,30,2.644,3.311,relatedPrior,isWitness,noPhys,F,mri
19993,22,10,93,100,2.862,3.744,unrelatedPrior,isWitness,DNA,F,mri
19993,23,1,55,35,1.796,3.041,relatedPrior,isWitness,noPhys,F,mri
19993,24,20,84,100,3.746,3.477,relatedPrior,isWitness,DNA,F,mri
19993,25,3,40,14,2.045,2.643,relatedPrior,isWitness,noPhys,F,mri
19993,26,30,92,64,3.262,4.044,unrelatedPrior,isWitness,nonDNA,F,mri
19993,27,13,62,38,3.042,3.362,noPrior,noWitness,DNA,F,mri
19993,28,7,97,0,3.096,1.06,noPrior,noWitness,DNA,F,mri
19993,29,12,85,39,4.091,3.459,noPrior,isWitness,DNA,F,mri
19993,30,8,79,38,2.376,3.776,relatedPrior,noWitness,nonDNA,F,mri
19993,31,9,93,51,2.779,2.994,unrelatedPrior,noWitness,DNA,F,mri
19993,32,14,100,90,2.779,5.526,noPrior,noWitness,DNA,F,mri
19963,0,2,0,0,4.092,5.327,noPrior,noWitness,noPhys,F,mri
19963,1,33,29,38,3.036,3.234,noPrior,noWitness,DNA,F,mri
19963,2,4,75,81,2.667,3.424,noPrior,isWitness,DNA,F,mri
19963,3,13,100,100,3.249,4.694,unrelatedPrior,isWitness,nonDNA,F,mri
19963,4,9,68,68,3.074,2.658,noPrior,isWitness,noPhys,F,mri
19963,5,32,71,41,4.012,3.259,relatedPrior,isWitness,noPhys,F,mri
19963,6,21,0,0,1.13,1.64,unrelatedPrior,noWitness,noPhys,F,mri
19963,7,17,98,75,3.488,3.403,unrelatedPrior,isWitness,nonDNA,F,mri
19963,8,20,100,100,4.063,3.326,relatedPrior,isWitness,nonDNA,F,mri
19963,9,24,72,81,3.429,3.679,noPrior,noWitness,nonDNA,F,mri
19963,10,23,100,100,3.306,3.637,noPrior,isWitness,nonDNA,F,mri
19963,11,27,0,0,1.185,1.33,relatedPrior,noWitness,noPhys,F,mri
19963,12,12,16,16,3.509,2.432,unrelatedPrior,isWitness,noPhys,F,mri
19963,13,11,100,99,4.958,4.16,noPrior,isWitness,nonDNA,F,mri
19963,14,29,82,58,2.806,4.22,noPrior,isWitness,noPhys,F,mri
19963,15,15,33,15,2.75,5.172,relatedPrior,isWitness,noPhys,F,mri
19963,16,8,77,0,3.105,0.906,noPrior,isWitness,noPhys,F,mri
19963,17,16,88,86,2.895,2.889,unrelatedPrior,noWitness,nonDNA,F,mri
19963,18,10,84,81,4.647,3.071,noPrior,isWitness,nonDNA,F,mri
19963,19,31,93,90,3.631,3.487,relatedPrior,noWitness,DNA,F,mri
19963,20,6,0,0,1.421,1.727,relatedPrior,noWitness,noPhys,F,mri
19963,21,22,48,41,5.255,4.086,noPrior,noWitness,noPhys,F,mri
19963,22,18,15,10,2.379,2.287,unrelatedPrior,isWitness,noPhys,F,mri
19963,23,28,62,100,3.476,4.872,unrelatedPrior,isWitness,noPhys,F,mri
19963,24,19,100,38,3.117,3.06,noPrior,noWitness,nonDNA,F,mri
19963,25,7,72,100,3.291,4.301,noPrior,isWitness,noPhys,F,mri
19963,26,26,44,100,2.61,2.859,noPrior,isWitness,noPhys,F,mri
19963,27,30,72,98,2.996,3.504,relatedPrior,isWitness,nonDNA,F,mri
19963,28,14,62,83,3.679,3.524,noPrior,isWitness,noPhys,F,mri
19963,29,25,63,27,3.32,2.021,noPrior,noWitness,nonDNA,F,mri
19963,30,3,91,27,4.063,2.277,relatedPrior,noWitness,DNA,F,mri
19963,31,1,99,23,2.979,2.344,noPrior,isWitness,DNA,F,mri
19963,32,5,32,100,3.412,3.074,relatedPrior,noWitness,noPhys,F,mri
20075,0,21,71,53,4.194,3.942,relatedPrior,noWitness,nonDNA,F,mri
20075,1,24,43,38,3.495,4.276,unrelatedPrior,noWitness,DNA,F,mri
20075,2,23,0,0,2.095,4.761,noPrior,noWitness,noPhys,F,mri
20075,3,12,74,22,3.296,2.343,unrelatedPrior,noWitness,nonDNA,F,mri
20075,4,31,100,98,2.811,4.324,relatedPrior,isWitness,DNA,F,mri
20075,5,19,42,13,4.013,2.576,noPrior,noWitness,DNA,F,mri
20075,6,5,86,0,3.679,0.911,unrelatedPrior,noWitness,DNA,F,mri
20075,7,30,52,12,3.712,2.377,noPrior,noWitness,noPhys,F,mri
20075,8,27,76,11,3.027,2.444,noPrior,isWitness,DNA,F,mri
20075,9,4,0,0,1.416,1.562,noPrior,noWitness,noPhys,F,mri
20075,10,25,16,0,3.443,2.137,unrelatedPrior,isWitness,DNA,F,mri
20075,11,11,13,26,2.462,3.46,relatedPrior,isWitness,noPhys,F,mri
20075,12,6,37,10,3.02,2.243,relatedPrior,noWitness,nonDNA,F,mri
20075,13,28,55,25,4.612,2.426,unrelatedPrior,isWitness,nonDNA,F,mri
20075,14,2,36,14,2.329,1.794,noPrior,isWitness,DNA,F,mri
20075,15,29,79,85,4.402,4.048,unrelatedPrior,noWitness,DNA,F,mri
20075,16,3,5,11,4.044,1.795,relatedPrior,noWitness,noPhys,F,mri
20075,17,20,70,19,3.913,3.337,unrelatedPrior,isWitness,DNA,F,mri
20075,18,9,33,10,2.433,1.68,relatedPrior,isWitness,noPhys,F,mri
20075,19,26,100,94,2.763,3.275,relatedPrior,isWitness,noPhys,F,mri
20075,20,13,100,25,3.052,2.467,unrelatedPrior,isWitness,DNA,F,mri
20075,21,14,100,100,3.205,3.684,noPrior,isWitness,DNA,F,mri
20075,22,17,99,87,3.122,3.217,noPrior,isWitness,nonDNA,F,mri
20075,23,22,100,41,3.016,2.44,unrelatedPrior,isWitness,nonDNA,F,mri
20075,24,33,95,86,2.914,3.772,noPrior,isWitness,DNA,F,mri
20075,25,32,62,58,2.665,5.656,unrelatedPrior,noWitness,noPhys,F,mri
20075,26,15,66,17,2.787,3.576,unrelatedPrior,noWitness,nonDNA,F,mri
20075,27,1,85,49,3.489,2.066,noPrior,isWitness,DNA,F,mri
20075,28,10,100,82,3.208,2.522,unrelatedPrior,noWitness,DNA,F,mri
20075,29,7,100,100,2.972,2.66,noPrior,isWitness,DNA,F,mri
20075,30,8,72,38,2.307,1.801,relatedPrior,noWitness,nonDNA,F,mri
20075,31,16,100,100,2.743,2.475,noPrior,isWitness,DNA,F,mri
20075,32,18,76,59,2.405,2.967,relatedPrior,isWitness,noPhys,F,mri
20107,0,26,100,82,3.212,4.186,noPrior,isWitness,DNA,F,mri
20107,1,32,100,86,2.512,4.194,relatedPrior,isWitness,nonDNA,F,mri
20107,2,6,53,26,2.397,2.011,unrelatedPrior,noWitness,nonDNA,F,mri
20107,3,12,0,9,1.213,2.678,unrelatedPrior,isWitness,noPhys,F,mri
20107,4,31,0,0,2.261,1.145,noPrior,noWitness,noPhys,F,mri
20107,5,11,0,0,1.347,1.364,noPrior,noWitness,noPhys,F,mri
20107,6,2,54,44,1.947,2.928,relatedPrior,noWitness,nonDNA,F,mri
20107,7,1,12,15,1.365,1.764,unrelatedPrior,noWitness,noPhys,F,mri
20107,8,29,11,23,2.53,3.428,unrelatedPrior,noWitness,noPhys,F,mri
20107,9,14,7,49,2.546,2.528,noPrior,noWitness,noPhys,F,mri
20107,10,5,51,67,3.113,2.444,relatedPrior,isWitness,noPhys,F,mri
20107,11,16,39,69,2.773,5.39,noPrior,isWitness,noPhys,F,mri
20107,12,7,100,100,2.663,2.861,noPrior,isWitness,DNA,F,mri
20107,13,33,100,55,2.746,3.025,relatedPrior,isWitness,DNA,F,mri
20107,14,17,52,54,3.016,3.22,unrelatedPrior,isWitness,nonDNA,F,mri
20107,15,8,57,29,4.136,2.826,unrelatedPrior,isWitness,noPhys,F,mri
20107,16,18,38,44,2.609,3.529,noPrior,noWitness,DNA,F,mri
20107,17,4,60,21,4.209,4.358,unrelatedPrior,isWitness,noPhys,F,mri
20107,18,21,59,0,3.216,0.608,relatedPrior,isWitness,noPhys,F,mri
20107,19,27,77,48,3.48,2.487,unrelatedPrior,isWitness,DNA,F,mri
20107,20,10,49,100,5.428,4.333,noPrior,isWitness,noPhys,F,mri
20107,21,23,74,100,3.202,4.017,noPrior,noWitness,nonDNA,F,mri
20107,22,22,100,27,3.268,4.253,unrelatedPrior,isWitness,DNA,F,mri
20107,23,9,65,40,5.23,2.67,unrelatedPrior,isWitness,noPhys,F,mri
20107,24,19,68,23,3.303,2.437,noPrior,noWitness,DNA,F,mri
20107,25,25,25,29,4.205,3.416,relatedPrior,noWitness,noPhys,F,mri
20107,26,30,77,79,3.053,3.889,relatedPrior,noWitness,DNA,F,mri
20107,27,28,21,60,4.206,6,relatedPrior,noWitness,nonDNA,T,mri
20107,28,13,100,29,3.285,2.518,unrelatedPrior,isWitness,nonDNA,F,mri
20107,29,3,100,23,3.641,2.287,relatedPrior,noWitness,nonDNA,F,mri
20107,30,15,100,29,3.463,3.073,noPrior,isWitness,nonDNA,F,mri
20107,31,24,17,51,1.637,4.022,relatedPrior,isWitness,noPhys,F,mri
20107,32,20,35,89,3.115,3.13,relatedPrior,noWitness,noPhys,F,mri
20074,0,19,82,0,4.845,5.244,unrelatedPrior,noWitness,nonDNA,F,mri
20074,1,13,100,60,3.83,3.577,noPrior,isWitness,nonDNA,F,mri
20074,2,18,19,12,2.113,1.461,noPrior,noWitness,noPhys,F,mri
20074,3,14,99,68,3.663,2.91,noPrior,noWitness,nonDNA,F,mri
20074,4,16,96,83,3.396,3.761,unrelatedPrior,noWitness,DNA,F,mri
20074,5,27,66,32,3.662,2.345,unrelatedPrior,noWitness,nonDNA,F,mri
20074,6,1,78,53,3.143,2.195,unrelatedPrior,isWitness,nonDNA,F,mri
20074,7,17,77,63,2.263,2.893,noPrior,isWitness,DNA,F,mri
20074,8,10,47,90,2.23,4.695,unrelatedPrior,isWitness,noPhys,F,mri
20074,9,30,20,54,3.378,2.893,unrelatedPrior,noWitness,noPhys,F,mri
20074,10,31,96,0,2.96,1.027,relatedPrior,isWitness,noPhys,F,mri
20074,11,33,96,59,2.913,1.977,relatedPrior,isWitness,DNA,F,mri
20074,12,28,55,60,2.529,2.061,unrelatedPrior,isWitness,noPhys,F,mri
20074,13,15,100,52,3.027,4.093,relatedPrior,isWitness,nonDNA,F,mri
20074,14,29,100,57,2.847,2.028,relatedPrior,isWitness,DNA,F,mri
20074,15,25,83,34,2.396,2.044,noPrior,isWitness,nonDNA,F,mri
20074,16,32,91,66,2.544,1.894,relatedPrior,noWitness,nonDNA,F,mri
20074,17,21,71,59,3.18,4.578,unrelatedPrior,isWitness,noPhys,F,mri
20074,18,5,51,86,2.513,3.728,unrelatedPrior,noWitness,nonDNA,F,mri
20074,19,23,94,95,3.742,4.945,unrelatedPrior,noWitness,DNA,F,mri
20074,20,9,42,38,1.746,4.06,noPrior,isWitness,noPhys,F,mri
20074,21,24,64,53,2.33,2.478,unrelatedPrior,isWitness,DNA,F,mri
20074,22,2,78,37,2.396,2.462,relatedPrior,noWitness,nonDNA,F,mri
20074,23,22,63,0,2.198,0.831,noPrior,isWitness,noPhys,F,mri
20074,24,11,86,76,3.688,4.686,relatedPrior,isWitness,nonDNA,F,mri
20074,25,8,81,48,2.485,2.436,unrelatedPrior,isWitness,nonDNA,F,mri
20074,26,26,55,100,2.54,3.512,noPrior,noWitness,nonDNA,F,mri
20074,27,3,21,15,2.224,4.44,noPrior,noWitness,noPhys,F,mri
20074,28,20,57,94,4.146,3.21,noPrior,isWitness,nonDNA,F,mri
20074,29,4,38,54,2.508,3.205,noPrior,isWitness,nonDNA,F,mri
20074,30,6,57,36,2.388,2.411,noPrior,isWitness,nonDNA,F,mri
20074,31,7,78,100,3.569,3.29,relatedPrior,isWitness,nonDNA,F,mri
20074,32,12,98,43,2.574,1.86,relatedPrior,isWitness,DNA,F,mri
19980,0,9,0,0,2.127,3.423,noPrior,noWitness,DNA,F,mri
19980,1,17,26,68,1.822,4.69,noPrior,isWitness,DNA,F,mri
19980,2,16,16,95,1.808,2.308,noPrior,isWitness,noPhys,F,mri
19980,3,20,60,90,2.196,2.763,unrelatedPrior,noWitness,DNA,F,mri
19980,4,27,18,43,1.108,4.351,relatedPrior,isWitness,noPhys,F,mri
19980,5,18,19,50,4.33,2.573,unrelatedPrior,noWitness,DNA,F,mri
19980,6,33,31,87,1.888,2.75,relatedPrior,noWitness,nonDNA,F,mri
19980,7,8,29,42,2.242,3.127,noPrior,noWitness,noPhys,F,mri
19980,8,3,40,34,2.31,3.216,relatedPrior,noWitness,DNA,F,mri
19980,9,28,10,95,2.127,2.942,noPrior,isWitness,noPhys,F,mri
19980,10,21,44,86,1.355,2.539,unrelatedPrior,noWitness,DNA,F,mri
19980,11,11,64,91,1.927,3.176,noPrior,noWitness,DNA,F,mri
19980,12,32,13,90,1.966,3.777,noPrior,isWitness,noPhys,F,mri
19980,13,19,86,48,2.344,2.624,relatedPrior,noWitness,DNA,F,mri
19980,14,1,91,39,2.362,2.37,noPrior,isWitness,DNA,F,mri
19980,15,24,33,29,1.103,2.574,noPrior,isWitness,noPhys,F,mri
19980,16,7,93,97,2.218,2.94,relatedPrior,isWitness,DNA,F,mri
19980,17,13,9,35,1.011,2.365,noPrior,noWitness,noPhys,F,mri
19980,18,5,72,59,1.644,1.965,unrelatedPrior,isWitness,nonDNA,F,mri
19980,19,29,74,70,1.596,3.542,relatedPrior,isWitness,noPhys,F,mri
19980,20,2,93,43,2.086,2.52,noPrior,isWitness,nonDNA,F,mri
19980,21,4,48,44,1.996,3.108,noPrior,isWitness,noPhys,F,mri
19980,22,14,94,95,2.127,2.825,noPrior,isWitness,DNA,F,mri
19980,23,22,96,62,2.071,1.809,relatedPrior,noWitness,DNA,F,mri
19980,24,6,92,28,1.813,2.059,relatedPrior,isWitness,noPhys,F,mri
19980,25,15,47,46,1.443,3.491,relatedPrior,noWitness,noPhys,F,mri
19980,26,26,68,96,2.16,2.561,noPrior,noWitness,nonDNA,F,mri
19980,27,10,20,93,1.99,2.86,noPrior,isWitness,noPhys,F,mri
19980,28,25,8,28,1.995,3.059,noPrior,noWitness,noPhys,F,mri
19980,29,31,64,43,2.078,2.208,unrelatedPrior,isWitness,nonDNA,F,mri
19980,30,30,80,91,2.229,3.827,unrelatedPrior,isWitness,nonDNA,F,mri
19980,31,23,69,89,1.912,1.844,unrelatedPrior,noWitness,DNA,F,mri
19980,32,12,75,35,1.892,0.811,noPrior,isWitness,nonDNA,F,mri
20010,0,27,71,61,3.362,6,noPrior,isWitness,nonDNA,T,mri
20010,1,19,71,66,2.705,2.769,relatedPrior,isWitness,nonDNA,F,mri
20010,2,33,35,39,2.136,3.327,unrelatedPrior,isWitness,noPhys,F,mri
20010,3,31,28,30,1.968,3.258,noPrior,isWitness,noPhys,F,mri
20010,4,13,49,63,2.447,2.725,unrelatedPrior,isWitness,noPhys,F,mri
20010,5,17,47,36,1.813,2.206,noPrior,noWitness,nonDNA,F,mri
20010,6,11,0,71,0.968,3.46,unrelatedPrior,noWitness,noPhys,F,mri
20010,7,21,52,76,2.46,3.248,noPrior,noWitness,DNA,F,mri
20010,8,28,31,61,1.895,2.776,noPrior,noWitness,noPhys,F,mri
20010,9,12,100,53,2.252,2.924,noPrior,isWitness,DNA,F,mri
20010,10,4,100,54,2.412,2.175,relatedPrior,isWitness,nonDNA,F,mri
20010,11,22,16,49,3.679,2.653,relatedPrior,noWitness,noPhys,F,mri
20010,12,16,84,97,2.48,2.393,relatedPrior,noWitness,nonDNA,F,mri
20010,13,14,77,49,2.245,1.444,unrelatedPrior,noWitness,nonDNA,F,mri
20010,14,32,63,65,2.496,2.278,unrelatedPrior,noWitness,DNA,F,mri
20010,15,10,82,92,2.195,3.592,unrelatedPrior,noWitness,nonDNA,F,mri
20010,16,5,100,89,2.623,2.927,relatedPrior,isWitness,nonDNA,F,mri
20010,17,6,80,49,2.377,2.21,relatedPrior,noWitness,DNA,F,mri
20010,18,30,41,72,1.606,3.589,unrelatedPrior,isWitness,noPhys,F,mri
20010,19,15,74,41,2.058,1.743,unrelatedPrior,isWitness,DNA,F,mri
20010,20,20,100,100,2.373,2.584,noPrior,isWitness,DNA,F,mri
20010,21,25,59,0,2.622,0.711,unrelatedPrior,noWitness,DNA,F,mri
20010,22,26,100,100,3.016,2.714,relatedPrior,noWitness,DNA,F,mri
20010,23,2,79,58,2.839,2.2,unrelatedPrior,isWitness,nonDNA,F,mri
20010,24,24,100,54,2.467,3.443,relatedPrior,noWitness,nonDNA,F,mri
20010,25,9,63,58,1.826,1.637,relatedPrior,noWitness,DNA,F,mri
20010,26,1,22,51,1.876,2.604,unrelatedPrior,isWitness,noPhys,F,mri
20010,27,7,59,95,2.503,2.835,unrelatedPrior,isWitness,noPhys,F,mri
20010,28,29,79,55,2.026,2.886,noPrior,noWitness,nonDNA,F,mri
20010,29,8,50,47,2.02,2.155,relatedPrior,noWitness,noPhys,F,mri
20010,30,3,100,52,2.477,3.939,relatedPrior,isWitness,nonDNA,F,mri
20010,31,23,52,43,2.722,1.649,relatedPrior,noWitness,nonDNA,F,mri
20010,32,18,100,58,2.565,1.873,noPrior,isWitness,DNA,F,mri
19977,0,17,0,64,1.797,4.541,unrelatedPrior,noWitness,noPhys,F,mri
19977,1,10,70,78,2.075,3.378,relatedPrior,isWitness,DNA,F,mri
19977,2,14,46,39,2.313,3.096,noPrior,noWitness,nonDNA,F,mri
19977,3,8,50,42,2.864,3.327,unrelatedPrior,noWitness,nonDNA,F,mri
19977,4,7,88,68,2.291,3.804,unrelatedPrior,isWitness,DNA,F,mri
19977,5,33,53,63,2.971,3.422,noPrior,isWitness,nonDNA,F,mri
19977,6,22,19,40,1.987,2.642,relatedPrior,noWitness,noPhys,F,mri
19977,7,5,71,63,2.484,3.566,noPrior,noWitness,DNA,F,mri
19977,8,13,96,25,3.27,3.394,unrelatedPrior,isWitness,DNA,F,mri
19977,9,3,0,26,1.047,3.695,noPrior,noWitness,noPhys,F,mri
19977,10,9,22,45,2.267,3.51,noPrior,isWitness,noPhys,F,mri
19977,11,24,17,47,1.469,3.433,unrelatedPrior,isWitness,noPhys,F,mri
19977,12,27,72,47,3.068,2.854,relatedPrior,isWitness,nonDNA,F,mri
19977,13,16,57,83,2.882,3.526,relatedPrior,isWitness,noPhys,F,mri
19977,14,19,81,39,2.974,3.484,unrelatedPrior,isWitness,nonDNA,F,mri
19977,15,2,85,41,3.105,3.325,relatedPrior,noWitness,DNA,F,mri
19977,16,28,73,95,3.532,3.34,relatedPrior,isWitness,DNA,F,mri
19977,17,20,88,70,2.826,2.682,relatedPrior,isWitness,DNA,F,mri
19977,18,18,41,48,3.426,5.11,relatedPrior,isWitness,noPhys,F,mri
19977,19,25,99,41,2.737,5.089,noPrior,isWitness,DNA,F,mri
19977,20,11,44,58,3.898,6,noPrior,isWitness,noPhys,T,mri
19977,21,31,73,60,2.571,2.687,unrelatedPrior,noWitness,DNA,F,mri
19977,22,1,100,44,2.911,2.774,relatedPrior,isWitness,nonDNA,F,mri
19977,23,30,86,91,2.789,3.524,relatedPrior,isWitness,DNA,F,mri
19977,24,4,52,31,4.07,3.179,unrelatedPrior,noWitness,nonDNA,F,mri
19977,25,29,0,47,0.906,3.269,noPrior,noWitness,noPhys,F,mri
19977,26,15,12,37,1.341,3.675,unrelatedPrior,noWitness,noPhys,F,mri
19977,27,12,12,34,1.45,2.566,relatedPrior,noWitness,noPhys,F,mri
19977,28,23,0,74,1,3.67,unrelatedPrior,noWitness,noPhys,F,mri
19977,29,6,53,35,2.29,3.001,relatedPrior,noWitness,nonDNA,F,mri
19977,30,21,0,74,0.968,2.898,unrelatedPrior,noWitness,noPhys,F,mri
19977,31,32,0,78,1.331,3.473,unrelatedPrior,noWitness,noPhys,F,mri
19977,32,26,74,100,2.946,2.964,unrelatedPrior,noWitness,nonDNA,F,mri
20073,0,32,0,55,1.307,6,unrelatedPrior,noWitness,DNA,T,mri
20073,1,23,14,90,2.579,6,noPrior,isWitness,noPhys,T,mri
20073,2,19,74,18,3.497,3.26,unrelatedPrior,isWitness,nonDNA,F,mri
20073,3,27,19,46,3.227,1.893,unrelatedPrior,noWitness,noPhys,F,mri
20073,4,30,0,41,1.178,3.427,unrelatedPrior,noWitness,noPhys,F,mri
20073,5,10,96,89,3.096,2.964,unrelatedPrior,isWitness,DNA,F,mri
20073,6,4,59,50,3.628,4.394,noPrior,isWitness,noPhys,F,mri
20073,7,7,48,100,2.565,2.194,relatedPrior,noWitness,noPhys,F,mri
20073,8,16,44,97,1.676,4.908,noPrior,isWitness,noPhys,F,mri
20073,9,6,55,38,4.336,4.293,relatedPrior,isWitness,noPhys,F,mri
20073,10,20,39,52,2.51,1.778,noPrior,noWitness,noPhys,F,mri
20073,11,5,100,82,3.346,6,relatedPrior,isWitness,nonDNA,T,mri
20073,12,22,10,24,2.296,3.611,relatedPrior,noWitness,noPhys,F,mri
20073,13,21,12,56,1.579,3.844,noPrior,isWitness,noPhys,F,mri
20073,14,3,10,22,2.112,2.709,relatedPrior,isWitness,noPhys,F,mri
20073,15,28,9,41,3.529,3.041,noPrior,noWitness,nonDNA,F,mri
20073,16,13,100,38,2.096,3.376,relatedPrior,isWitness,DNA,F,mri
20073,17,33,38,44,2.927,3.795,unrelatedPrior,noWitness,DNA,F,mri
20073,18,9,75,41,3.096,2.478,relatedPrior,noWitness,nonDNA,F,mri
20073,19,11,85,100,2.537,2.643,relatedPrior,noWitness,nonDNA,F,mri
20073,20,14,65,64,2.796,2.027,relatedPrior,noWitness,noPhys,F,mri
20073,21,31,72,77,2.694,2.621,noPrior,isWitness,noPhys,F,mri
20073,22,25,68,45,2.768,3.618,noPrior,isWitness,nonDNA,F,mri
20073,23,12,74,49,2.996,3.443,unrelatedPrior,isWitness,nonDNA,F,mri
20073,24,17,78,46,3.946,2.344,noPrior,noWitness,nonDNA,F,mri
20073,25,18,80,70,3.861,2.894,unrelatedPrior,isWitness,DNA,F,mri
20073,26,8,0,23,0.929,4.126,noPrior,noWitness,noPhys,F,mri
20073,27,29,50,75,2.844,2.943,noPrior,isWitness,DNA,F,mri
20073,28,24,64,40,5.911,3.477,relatedPrior,isWitness,DNA,F,mri
20073,29,26,50,100,2.864,2.195,noPrior,noWitness,nonDNA,F,mri
20073,30,15,76,67,2.079,2.594,unrelatedPrior,isWitness,DNA,F,mri
20073,31,1,91,49,2.913,1.876,relatedPrior,isWitness,nonDNA,F,mri
20073,32,2,18,26,2.696,3.66,noPrior,noWitness,noPhys,F,mri
20101,0,13,71,68,3.642,4.161,unrelatedPrior,noWitness,nonDNA,F,mri
20101,1,5,100,89,2.759,3.443,unrelatedPrior,noWitness,DNA,F,mri
20101,2,27,0,57,1.479,4.611,relatedPrior,noWitness,noPhys,F,mri
20101,3,12,100,32,2.629,4.827,unrelatedPrior,noWitness,DNA,F,mri
20101,4,21,0,88,0.83,3.426,relatedPrior,isWitness,noPhys,F,mri
20101,5,29,72,36,2.813,4.427,noPrior,isWitness,nonDNA,F,mri
20101,6,17,83,84,2.698,3.334,relatedPrior,isWitness,nonDNA,F,mri
20101,7,28,99,25,3.386,1.876,unrelatedPrior,isWitness,noPhys,F,mri
20101,8,19,56,41,2.179,3.243,unrelatedPrior,isWitness,noPhys,F,mri
20101,9,4,22,31,2.413,5.794,noPrior,noWitness,nonDNA,F,mri
20101,10,2,78,39,2.766,3.912,unrelatedPrior,noWitness,nonDNA,F,mri
20101,11,32,100,0,2.929,0.579,relatedPrior,isWitness,DNA,F,mri
20101,12,18,0,82,2.313,4.015,unrelatedPrior,noWitness,noPhys,F,mri
20101,13,22,79,56,3.062,3.011,noPrior,noWitness,nonDNA,F,mri
20101,14,16,95,97,3.23,3.944,noPrior,isWitness,DNA,F,mri
20101,15,3,87,36,3.615,3.413,unrelatedPrior,isWitness,DNA,F,mri
20101,16,14,72,38,3.417,3.08,unrelatedPrior,isWitness,noPhys,F,mri
20101,17,25,12,20,3.42,2.607,noPrior,noWitness,DNA,F,mri
20101,18,30,0,72,1.896,4.536,noPrior,noWitness,noPhys,F,mri
20101,19,26,83,97,3.695,5.617,relatedPrior,isWitness,DNA,F,mri
20101,20,33,70,32,2.906,4.717,relatedPrior,isWitness,DNA,F,mri
20101,21,23,20,85,3.828,3.5,relatedPrior,noWitness,nonDNA,F,mri
20101,22,6,73,34,3.51,2.761,relatedPrior,isWitness,nonDNA,F,mri
20101,23,20,56,86,5.486,5.362,unrelatedPrior,isWitness,noPhys,F,mri
20101,24,1,13,30,4.579,2.67,noPrior,noWitness,noPhys,F,mri
20101,25,7,100,94,2.994,3.34,relatedPrior,isWitness,nonDNA,F,mri
20101,26,10,82,91,3.594,5.187,relatedPrior,isWitness,DNA,F,mri
20101,27,24,42,32,4.427,3.081,noPrior,noWitness,noPhys,F,mri
20101,28,15,85,53,2.795,2.518,relatedPrior,isWitness,nonDNA,F,mri
20101,29,8,47,19,2.722,2.192,noPrior,isWitness,nonDNA,F,mri
20101,30,9,48,38,3.643,3.206,relatedPrior,noWitness,nonDNA,F,mri
20101,31,31,27,92,3.231,4.923,unrelatedPrior,noWitness,nonDNA,F,mri
20101,32,11,20,80,3.119,4.972,unrelatedPrior,noWitness,noPhys,F,mri
20109,0,3,51,38,1.662,2.563,noPrior,noWitness,nonDNA,F,mri
20109,1,29,69,56,1.913,2.329,relatedPrior,noWitness,nonDNA,F,mri
20109,2,21,24,83,1.766,3.06,unrelatedPrior,noWitness,noPhys,F,mri
20109,3,26,61,70,1.767,2.095,relatedPrior,isWitness,noPhys,F,mri
20109,4,31,64,62,2.579,2.211,noPrior,noWitness,nonDNA,F,mri
20109,5,12,22,52,1.263,2.328,noPrior,noWitness,noPhys,F,mri
20109,6,2,46,31,2.079,2.344,unrelatedPrior,isWitness,noPhys,F,mri
20109,7,33,77,85,2.146,2.461,noPrior,isWitness,nonDNA,F,mri
20109,8,24,73,45,2.129,1.582,relatedPrior,isWitness,nonDNA,F,mri
20109,9,1,99,25,2.18,1.628,relatedPrior,isWitness,DNA,F,mri
20109,10,15,53,29,1.884,2.364,noPrior,isWitness,noPhys,F,mri
20109,11,14,98,94,2.496,2.378,unrelatedPrior,isWitness,nonDNA,F,mri
20109,12,20,100,77,2.48,2.177,noPrior,isWitness,DNA,F,mri
20109,13,32,89,82,2.413,2.878,noPrior,isWitness,DNA,F,mri
20109,14,17,61,66,1.729,3.111,relatedPrior,noWitness,DNA,F,mri
20109,15,13,98,45,2.513,2.278,relatedPrior,isWitness,DNA,F,mri
20109,16,19,76,43,2.163,2.343,noPrior,noWitness,DNA,F,mri
20109,17,28,72,77,2.366,2.327,relatedPrior,noWitness,nonDNA,F,mri
20109,18,27,42,29,2.113,1.809,unrelatedPrior,isWitness,noPhys,F,mri
20109,19,11,67,89,1.879,2.195,noPrior,isWitness,noPhys,F,mri
20109,20,30,50,53,1.662,1.661,relatedPrior,isWitness,noPhys,F,mri
20109,21,25,58,36,2.13,2.111,relatedPrior,isWitness,noPhys,F,mri
20109,22,10,100,98,2.48,2.356,noPrior,isWitness,DNA,F,mri
20109,23,7,95,95,2.732,2.927,relatedPrior,isWitness,nonDNA,F,mri
20109,24,8,83,25,2.163,1.811,unrelatedPrior,isWitness,nonDNA,F,mri
20109,25,23,98,99,2.713,2.844,unrelatedPrior,noWitness,nonDNA,F,mri
20109,26,4,92,13,2.23,1.694,relatedPrior,noWitness,DNA,F,mri
20109,27,5,95,100,2.596,2.295,relatedPrior,noWitness,nonDNA,F,mri
20109,28,9,82,19,2.286,1.332,unrelatedPrior,noWitness,nonDNA,F,mri
20109,29,18,85,41,2.547,2.16,noPrior,noWitness,DNA,F,mri
20109,30,22,59,49,2.212,1.709,unrelatedPrior,noWitness,noPhys,F,mri
20109,31,6,65,28,2.303,1.163,unrelatedPrior,isWitness,noPhys,F,mri
20109,32,16,54,100,2.563,2.512,noPrior,isWitness,noPhys,F,mri
20036,0,21,69,64,3.428,4.107,unrelatedPrior,isWitness,nonDNA,F,mri
20036,1,14,65,33,3.279,3.095,noPrior,noWitness,nonDNA,F,mri
20036,2,28,72,86,3.213,3.963,relatedPrior,isWitness,nonDNA,F,mri
20036,3,26,47,94,4.746,4.394,relatedPrior,noWitness,nonDNA,F,mri
20036,4,5,54,92,3.678,5.095,relatedPrior,isWitness,noPhys,F,mri
20036,5,18,31,37,2.262,2.076,unrelatedPrior,isWitness,noPhys,F,mri
20036,6,2,40,11,3.662,3.111,relatedPrior,isWitness,DNA,F,mri
20036,7,30,23,99,2.461,2.91,noPrior,noWitness,nonDNA,F,mri
20036,8,20,79,86,2.846,4.411,relatedPrior,noWitness,DNA,F,mri
20036,9,10,12,62,2.366,3.258,noPrior,noWitness,noPhys,F,mri
20036,10,3,13,10,3.327,2.156,unrelatedPrior,noWitness,nonDNA,F,mri
20036,11,4,82,22,4.679,2.81,noPrior,isWitness,DNA,F,mri
20036,12,16,81,89,2.678,3.677,noPrior,isWitness,nonDNA,F,mri
20036,13,24,82,68,2.397,4.164,noPrior,isWitness,DNA,F,mri
20036,14,32,47,76,3.766,4.127,noPrior,noWitness,DNA,F,mri
20036,15,33,48,37,1.779,1.514,unrelatedPrior,noWitness,nonDNA,F,mri
20036,16,1,51,19,2.427,3.395,relatedPrior,isWitness,noPhys,F,mri
20036,17,19,0,36,2.379,3.428,noPrior,noWitness,noPhys,F,mri
20036,18,8,31,15,2.275,1.65,unrelatedPrior,isWitness,noPhys,F,mri
20036,19,12,76,25,3.06,2.093,relatedPrior,isWitness,nonDNA,F,mri
20036,20,25,44,22,2.579,1.411,unrelatedPrior,isWitness,DNA,F,mri
20036,21,15,38,13,4.211,3.277,noPrior,isWitness,nonDNA,F,mri
20036,22,17,92,85,2.843,2.909,relatedPrior,isWitness,noPhys,F,mri
20036,23,31,81,86,4.68,3.225,unrelatedPrior,noWitness,DNA,F,mri
20036,24,22,86,61,2.578,2.878,relatedPrior,noWitness,noPhys,F,mri
20036,25,9,22,40,1.694,1.918,noPrior,noWitness,noPhys,F,mri
20036,26,7,77,97,3.711,3.093,noPrior,isWitness,nonDNA,F,mri
20036,27,13,100,36,2.473,3.743,unrelatedPrior,isWitness,nonDNA,F,mri
20036,28,11,92,75,2.786,4.744,relatedPrior,isWitness,nonDNA,F,mri
20036,29,23,29,56,4.979,4.859,unrelatedPrior,noWitness,noPhys,F,mri
20036,30,29,32,41,2.129,2.295,noPrior,noWitness,DNA,F,mri
20036,31,6,26,20,2.179,2.127,noPrior,noWitness,noPhys,F,mri
20036,32,27,81,19,3.045,1.677,unrelatedPrior,isWitness,DNA,F,mri
20031,0,20,21,86,3.878,4.988,noPrior,isWitness,noPhys,F,mri
20031,1,8,77,61,5.394,6,noPrior,noWitness,DNA,T,mri
20031,2,15,66,55,2.645,1.657,unrelatedPrior,noWitness,noPhys,F,mri
20031,3,21,62,86,3.145,3.092,noPrior,noWitness,nonDNA,F,mri
20031,4,11,53,93,2.41,2.414,unrelatedPrior,noWitness,noPhys,F,mri
20031,5,12,91,49,2.512,5.059,relatedPrior,isWitness,nonDNA,F,mri
20031,6,22,65,60,2.162,1.86,unrelatedPrior,noWitness,DNA,F,mri
20031,7,9,95,63,2.312,3.66,relatedPrior,isWitness,DNA,F,mri
20031,8,4,82,57,2.162,2.35,unrelatedPrior,isWitness,nonDNA,F,mri
20031,9,3,50,42,1.812,2.092,unrelatedPrior,noWitness,DNA,F,mri
20031,10,1,21,17,2.229,3.658,unrelatedPrior,noWitness,noPhys,F,mri
20031,11,16,78,92,2.128,2.674,relatedPrior,isWitness,noPhys,F,mri
20031,12,33,72,92,2.412,2.709,unrelatedPrior,isWitness,DNA,F,mri
20031,13,7,74,78,3.863,2.576,noPrior,isWitness,noPhys,F,mri
20031,14,23,75,95,4.262,2.877,noPrior,noWitness,DNA,F,mri
20031,15,27,52,32,2.271,1.174,relatedPrior,noWitness,DNA,F,mri
20031,16,10,65,0,1.73,1.127,unrelatedPrior,isWitness,noPhys,F,mri
20031,17,13,100,56,3.365,2.519,relatedPrior,isWitness,nonDNA,F,mri
20031,18,5,94,93,3.295,3.21,relatedPrior,isWitness,DNA,F,mri
20031,19,26,59,84,2.845,2.391,unrelatedPrior,isWitness,noPhys,F,mri
20031,20,31,59,72,3.01,2.364,unrelatedPrior,isWitness,noPhys,F,mri
20031,21,18,100,69,2.859,2.157,relatedPrior,isWitness,nonDNA,F,mri
20031,22,25,75,53,2.555,1.994,unrelatedPrior,noWitness,DNA,F,mri
20031,23,19,45,53,1.828,1.643,relatedPrior,noWitness,noPhys,F,mri
20031,24,17,52,80,1.829,4.027,relatedPrior,noWitness,noPhys,F,mri
20031,25,29,73,65,3.027,4.327,relatedPrior,noWitness,DNA,F,mri
20031,26,6,80,37,3.279,1.394,unrelatedPrior,isWitness,DNA,F,mri
20031,27,32,86,86,2.365,3.241,unrelatedPrior,noWitness,nonDNA,F,mri
20031,28,2,91,48,3.629,2.144,relatedPrior,isWitness,nonDNA,F,mri
20031,29,28,60,100,2.845,3.393,noPrior,noWitness,nonDNA,F,mri
20031,30,30,90,81,2.746,2.176,unrelatedPrior,isWitness,nonDNA,F,mri
20031,31,24,58,57,4.022,1.942,unrelatedPrior,noWitness,noPhys,F,mri
20031,32,14,65,87,3.189,2.577,noPrior,isWitness,noPhys,F,mri
888,0,32,0,0,6,6,noPrior,isWitness,nonDNA,T,mri
888,1,20,0,0,6,6,relatedPrior,isWitness,nonDNA,T,mri
888,2,10,0,0,6,6,unrelatedPrior,noWitness,DNA,T,mri
888,3,19,0,0,6,6,noPrior,isWitness,nonDNA,T,mri
888,4,21,0,0,6,6,relatedPrior,isWitness,DNA,T,mri
888,5,17,0,0,6,6,relatedPrior,isWitness,nonDNA,T,mri
888,6,11,0,0,6,6,noPrior,noWitness,DNA,T,mri
888,7,26,0,0,6,6,noPrior,noWitness,DNA,T,mri
888,8,24,0,0,6,6,unrelatedPrior,isWitness,DNA,T,mri
888,9,4,0,0,6,6,noPrior,isWitness,noPhys,T,mri
20048,0,33,0,0,6,6,unrelatedPrior,isWitness,nonDNA,T,mri
20048,1,7,58,50,6,3.559,noPrior,noWitness,DNA,T,mri
20048,2,29,34,39,3.396,5.678,relatedPrior,noWitness,noPhys,F,mri
20048,3,12,13,31,3.729,4.342,unrelatedPrior,isWitness,noPhys,F,mri
20048,4,1,12,8,3.228,3.901,noPrior,noWitness,nonDNA,F,mri
20048,5,30,37,68,3.284,6,relatedPrior,noWitness,DNA,T,mri
20048,6,15,32,21,2.378,1.994,noPrior,noWitness,DNA,F,mri
20048,7,18,24,85,3.113,3.978,noPrior,noWitness,nonDNA,F,mri
20048,8,19,43,57,3.038,3.286,relatedPrior,noWitness,nonDNA,F,mri
20048,9,25,94,54,2.463,3.844,relatedPrior,isWitness,DNA,F,mri
20048,10,24,20,48,1.728,4.178,noPrior,noWitness,DNA,F,mri
20048,11,26,13,94,1.48,3.293,noPrior,noWitness,nonDNA,F,mri
20048,12,28,21,0,2.78,0.795,relatedPrior,noWitness,DNA,F,mri
20048,13,11,14,84,2.163,2.778,unrelatedPrior,noWitness,noPhys,F,mri
20048,14,3,16,23,1.863,3.644,relatedPrior,noWitness,DNA,F,mri
20048,15,10,9,94,2.412,3.562,noPrior,isWitness,noPhys,F,mri
20048,16,17,62,94,2.413,2.944,unrelatedPrior,isWitness,DNA,F,mri
20048,17,21,78,95,2.913,3.277,unrelatedPrior,isWitness,nonDNA,F,mri
20048,18,23,34,86,2.572,3.558,relatedPrior,noWitness,DNA,F,mri
20048,19,31,22,80,2.046,3.278,unrelatedPrior,isWitness,noPhys,F,mri
20048,20,6,50,28,2.891,3.856,unrelatedPrior,isWitness,DNA,F,mri
20048,21,16,59,93,2.496,2.942,relatedPrior,noWitness,DNA,F,mri
19933,0,23,74,57,2.628,4.858,relatedPrior,noWitness,DNA,F,mri
19933,1,12,42,10,2.578,5.01,relatedPrior,noWitness,nonDNA,F,mri
19933,2,7,81,53,3.095,4.125,unrelatedPrior,isWitness,DNA,F,mri
19933,3,24,91,21,2.495,2.294,relatedPrior,noWitness,nonDNA,F,mri
19933,4,13,16,24,2.862,5.009,unrelatedPrior,isWitness,noPhys,F,mri
19933,5,8,49,13,2.057,3.824,noPrior,isWitness,noPhys,F,mri
19933,6,20,0,74,1.699,3.659,unrelatedPrior,noWitness,noPhys,F,mri
19933,7,11,65,93,2.668,4.744,unrelatedPrior,noWitness,DNA,F,mri
19933,8,5,73,100,2.695,2.791,relatedPrior,noWitness,DNA,F,mri
19933,9,6,5,9,2.428,2.459,noPrior,noWitness,noPhys,F,mri
19933,10,16,14,100,1.463,3.974,relatedPrior,noWitness,noPhys,F,mri
19933,11,32,71,72,2.746,2.108,noPrior,noWitness,nonDNA,F,mri
19933,12,3,88,13,2.946,2.141,unrelatedPrior,isWitness,nonDNA,F,mri
19933,13,1,0,0,3.313,1.378,unrelatedPrior,noWitness,noPhys,F,mri
19933,14,26,58,100,3.88,3.394,relatedPrior,noWitness,nonDNA,F,mri
19933,15,29,66,54,2.13,1.792,unrelatedPrior,isWitness,nonDNA,F,mri
19933,16,18,62,45,2.429,2.964,noPrior,isWitness,nonDNA,F,mri
19933,17,30,66,37,5.41,1.86,relatedPrior,noWitness,noPhys,F,mri
19933,18,17,50,64,2.128,1.994,noPrior,noWitness,nonDNA,F,mri
19933,19,28,51,0,4.212,6,relatedPrior,isWitness,nonDNA,T,mri
19933,20,22,77,19,2.426,1.139,unrelatedPrior,isWitness,nonDNA,F,mri
19933,21,27,23,11,3.23,2.641,unrelatedPrior,isWitness,noPhys,F,mri
19933,22,10,89,89,3.062,3.078,noPrior,isWitness,DNA,F,mri
19933,23,14,74,74,2.367,2.726,relatedPrior,noWitness,nonDNA,F,mri
19933,24,31,14,93,1.579,3.709,unrelatedPrior,noWitness,noPhys,F,mri
19933,25,21,39,87,3.846,2.677,relatedPrior,isWitness,DNA,F,mri
19933,26,15,31,12,2.676,2.126,unrelatedPrior,noWitness,noPhys,F,mri
19933,27,25,4,0,1.18,1.441,noPrior,isWitness,nonDNA,F,mri
19933,28,9,50,22,1.663,1.092,relatedPrior,isWitness,nonDNA,F,mri
19933,29,2,11,26,1.246,1.111,unrelatedPrior,isWitness,noPhys,F,mri
19933,30,33,32,47,1.41,2.444,noPrior,noWitness,nonDNA,F,mri
19933,31,19,38,25,2.646,1.111,noPrior,noWitness,DNA,F,mri
19933,32,4,59,21,2.176,0.877,noPrior,isWitness,nonDNA,F,mri
99,0,17,46,35,3.627,1.61,unrelatedPrior,noWitness,noPhys,F,mri
19934,0,31,59,100,6,3.693,noPrior,isWitness,noPhys,T,mri
19934,1,10,39,0,1.794,0.677,noPrior,isWitness,noPhys,F,mri
19934,2,7,0,11,2.28,2.16,relatedPrior,noWitness,noPhys,F,mri
19934,3,4,0,15,6,1.743,noPrior,noWitness,noPhys,T,mri
19934,4,9,34,87,3.08,2.693,noPrior,isWitness,nonDNA,F,mri
19934,5,17,40,96,1.2,2.328,relatedPrior,noWitness,nonDNA,F,mri
19934,6,24,33,56,2.88,2.344,noPrior,isWitness,noPhys,F,mri
19934,7,11,100,91,3.929,3.061,unrelatedPrior,isWitness,noPhys,F,mri
19934,8,28,53,0,2.096,0.962,relatedPrior,noWitness,DNA,F,mri
19934,9,21,93,100,3.028,2.441,relatedPrior,noWitness,noPhys,F,mri
19934,10,13,35,50,1.829,2.094,relatedPrior,noWitness,DNA,F,mri
19934,11,16,91,88,2.062,2.227,noPrior,noWitness,nonDNA,F,mri
19934,12,23,13,42,2.213,1.476,relatedPrior,noWitness,noPhys,F,mri
19934,13,33,59,29,1.98,4.312,relatedPrior,isWitness,nonDNA,F,mri
19934,14,12,33,25,1.279,4.044,relatedPrior,isWitness,DNA,F,mri
19934,15,2,32,0,5.947,0.675,unrelatedPrior,isWitness,DNA,F,mri
19934,16,19,59,74,2.063,2.525,relatedPrior,isWitness,noPhys,F,mri
19934,17,1,0,35,6,2.644,noPrior,noWitness,DNA,T,mri
19934,18,29,44,12,2.212,2.895,unrelatedPrior,isWitness,nonDNA,F,mri
19934,19,25,0,51,6,1.621,unrelatedPrior,isWitness,DNA,T,mri
19934,20,3,30,89,2.647,1.994,unrelatedPrior,noWitness,DNA,F,mri
19934,21,30,39,40,2.08,4.693,relatedPrior,noWitness,noPhys,F,mri
19934,22,14,100,100,2.965,2.628,unrelatedPrior,isWitness,noPhys,F,mri
19934,23,6,47,0,2.478,6,relatedPrior,noWitness,nonDNA,T,mri
19934,24,18,44,69,2.861,1.942,noPrior,noWitness,noPhys,F,mri
19934,25,22,59,27,2.545,5.442,unrelatedPrior,isWitness,nonDNA,F,mri
19934,26,32,100,100,2.862,2.693,relatedPrior,isWitness,nonDNA,F,mri
19934,27,15,0,46,6,1.643,noPrior,isWitness,nonDNA,T,mri
19934,28,20,79,0,3.046,6,unrelatedPrior,noWitness,noPhys,T,mri
19934,29,5,0,41,1.03,1.706,relatedPrior,noWitness,DNA,F,mri
19934,30,27,39,66,1.513,1.61,noPrior,noWitness,nonDNA,F,mri
19934,31,8,17,29,1.263,2.443,noPrior,isWitness,DNA,F,mri
19934,32,26,73,48,2.564,1.294,relatedPrior,noWitness,DNA,F,mri
20022,0,8,0,9,1.61,3.392,relatedPrior,noWitness,noPhys,F,mri
20022,1,32,43,64,4.33,4.56,relatedPrior,noWitness,DNA,F,mri
20022,2,11,60,58,3.595,3.81,noPrior,noWitness,DNA,F,mri
20022,3,27,67,54,4.511,3.793,relatedPrior,isWitness,noPhys,F,mri
20022,4,18,11,41,2.178,3.763,relatedPrior,noWitness,noPhys,F,mri
20022,5,16,25,54,3.029,4.987,relatedPrior,noWitness,noPhys,F,mri
20022,6,30,49,77,3.942,2.628,relatedPrior,noWitness,nonDNA,F,mri
20022,7,31,91,73,3.929,4.693,relatedPrior,isWitness,nonDNA,F,mri
20022,8,5,100,98,3.547,3.394,relatedPrior,isWitness,nonDNA,F,mri
20022,9,25,6,17,4.195,4.594,relatedPrior,isWitness,nonDNA,F,mri
20022,10,2,27,38,4.693,3.51,relatedPrior,noWitness,nonDNA,F,mri
20022,11,6,68,52,4.496,4.344,unrelatedPrior,isWitness,DNA,F,mri
20022,12,3,62,0,4.013,6,relatedPrior,isWitness,DNA,T,mri
20022,13,14,29,46,3.412,3.192,unrelatedPrior,noWitness,noPhys,F,mri
20022,14,28,39,63,4.345,3.527,unrelatedPrior,noWitness,noPhys,F,mri
20022,15,23,27,39,2.259,3.525,unrelatedPrior,isWitness,noPhys,F,mri
20022,16,21,0,68,1.11,4.162,unrelatedPrior,noWitness,DNA,F,mri
20022,17,9,0,54,1.343,3.325,relatedPrior,noWitness,noPhys,F,mri
20022,18,12,35,54,6,3.492,unrelatedPrior,isWitness,nonDNA,T,mri
20022,19,24,41,55,3.43,3.527,unrelatedPrior,noWitness,noPhys,F,mri
20022,20,19,27,34,3.279,1.591,noPrior,noWitness,nonDNA,F,mri
20022,21,1,26,100,3.678,6,relatedPrior,noWitness,noPhys,T,mri
20022,22,22,38,48,2.051,2.149,unrelatedPrior,noWitness,noPhys,F,mri
20022,23,26,0,0,6,6,unrelatedPrior,noWitness,DNA,T,mri
20022,24,7,44,55,3.365,3.509,unrelatedPrior,noWitness,DNA,F,mri
20022,25,13,42,39,3.829,3.609,noPrior,noWitness,DNA,F,mri
20022,26,17,48,46,3.746,3.811,relatedPrior,isWitness,DNA,F,mri
20022,27,33,0,29,1.213,2.708,noPrior,noWitness,DNA,F,mri
20022,28,4,0,24,6,1.797,relatedPrior,noWitness,nonDNA,T,mri
20022,29,29,0,21,6,6,unrelatedPrior,noWitness,nonDNA,T,mri
20022,30,20,61,88,3.061,2.477,unrelatedPrior,noWitness,noPhys,F,mri
20022,31,15,19,51,2.313,3.142,noPrior,isWitness,noPhys,F,mri
20022,32,10,100,58,3.13,2.42,noPrior,isWitness,DNA,F,mri
20059,0,11,77,86,3.577,4.025,unrelatedPrior,noWitness,DNA,F,mri
20059,1,25,0,27,0.663,5.041,relatedPrior,isWitness,noPhys,F,mri
20059,2,9,86,19,3.912,5.942,unrelatedPrior,isWitness,nonDNA,F,mri
20059,3,32,51,100,3.429,4.164,unrelatedPrior,noWitness,nonDNA,F,mri
20059,4,1,31,6,3.344,2.61,unrelatedPrior,noWitness,nonDNA,F,mri
20059,5,5,15,93,3.044,4.092,noPrior,noWitness,noPhys,F,mri
20059,6,10,7,91,2.364,4.926,noPrior,noWitness,noPhys,F,mri
20059,7,21,5,89,3.43,3.176,noPrior,noWitness,noPhys,F,mri
20059,8,24,38,35,3.165,3.476,unrelatedPrior,isWitness,noPhys,F,mri
20059,9,3,19,28,2.876,4.66,unrelatedPrior,noWitness,noPhys,F,mri
20059,10,30,70,91,3.862,5.709,relatedPrior,isWitness,nonDNA,F,mri
20059,11,12,13,48,2.913,5.193,relatedPrior,noWitness,noPhys,F,mri
20059,12,13,100,42,2.58,3.395,unrelatedPrior,isWitness,DNA,F,mri
20059,13,8,93,33,2.826,5.859,relatedPrior,isWitness,DNA,F,mri
20059,14,19,48,42,2.279,4.977,relatedPrior,noWitness,nonDNA,F,mri
20059,15,27,62,9,3.713,2.091,relatedPrior,isWitness,nonDNA,F,mri
20059,16,17,84,83,3.345,5.293,relatedPrior,isWitness,DNA,F,mri
20059,17,20,45,94,4.295,2.826,noPrior,noWitness,nonDNA,F,mri
20059,18,2,77,22,3.629,3.71,unrelatedPrior,isWitness,DNA,F,mri
20059,19,4,41,23,3.872,3.993,noPrior,noWitness,nonDNA,F,mri
20059,20,16,65,85,5.195,3.827,unrelatedPrior,isWitness,noPhys,F,mri
20059,21,28,59,99,3.647,6,noPrior,isWitness,nonDNA,T,mri
20059,22,18,48,39,2.278,3.793,unrelatedPrior,isWitness,nonDNA,F,mri
20059,23,7,55,85,3.425,4.361,relatedPrior,noWitness,nonDNA,F,mri
20059,24,29,18,35,2.528,2.91,relatedPrior,isWitness,noPhys,F,mri
20059,25,26,13,100,2.364,3.327,relatedPrior,noWitness,noPhys,F,mri
20059,26,31,34,73,2.795,5.017,relatedPrior,isWitness,noPhys,F,mri
20059,27,14,82,66,2.794,3.111,unrelatedPrior,isWitness,nonDNA,F,mri
20059,28,22,83,40,3.694,3.06,noPrior,isWitness,nonDNA,F,mri
20059,29,23,87,100,2.793,3.143,noPrior,isWitness,nonDNA,F,mri
20059,30,6,73,13,2.879,3.66,unrelatedPrior,isWitness,noPhys,F,mri
20059,31,15,65,17,3.165,4.311,relatedPrior,isWitness,DNA,F,mri
20059,32,33,41,56,3.996,3.443,relatedPrior,noWitness,nonDNA,F,mri
19947,0,28,11,32,2.894,5.893,unrelatedPrior,isWitness,noPhys,F,mri
19947,1,12,82,27,2.913,2.861,noPrior,noWitness,nonDNA,F,mri
19947,2,4,62,39,2.889,2.602,noPrior,noWitness,DNA,F,mri
19947,3,2,10,18,2.766,2.144,relatedPrior,noWitness,noPhys,F,mri
19947,4,20,51,53,5.127,3.677,unrelatedPrior,isWitness,nonDNA,F,mri
19947,5,33,21,24,2.484,2.727,unrelatedPrior,noWitness,DNA,F,mri
19947,6,13,96,46,3.661,3.91,noPrior,isWitness,nonDNA,F,mri
19947,7,14,78,56,2.88,5.077,relatedPrior,isWitness,DNA,F,mri
19947,8,29,24,36,2.678,3.827,unrelatedPrior,noWitness,nonDNA,F,mri
19947,9,25,86,13,3.862,6,unrelatedPrior,isWitness,DNA,T,mri
19947,10,8,19,11,2.08,1.877,noPrior,isWitness,noPhys,F,mri
19947,11,26,0,69,0.713,3.274,noPrior,noWitness,DNA,F,mri
19947,12,23,11,54,2.13,2.426,unrelatedPrior,noWitness,noPhys,F,mri
19947,13,17,44,28,2.965,2.061,relatedPrior,isWitness,DNA,F,mri
19947,14,1,21,23,1.977,3.378,unrelatedPrior,noWitness,nonDNA,F,mri
19947,15,10,50,38,2.629,2.81,unrelatedPrior,noWitness,nonDNA,F,mri
19947,16,3,33,12,2.513,1.693,noPrior,isWitness,noPhys,F,mri
19947,17,30,0,32,1.466,3.097,unrelatedPrior,noWitness,noPhys,F,mri
19947,18,27,43,22,2.728,3.327,relatedPrior,isWitness,nonDNA,F,mri
19947,19,22,23,28,1.944,2.043,noPrior,isWitness,noPhys,F,mri
19947,20,24,88,35,3.13,2.261,relatedPrior,isWitness,DNA,F,mri
19947,21,7,54,60,2.78,2.79,unrelatedPrior,noWitness,nonDNA,F,mri
19947,22,9,78,35,2.878,3.577,relatedPrior,isWitness,nonDNA,F,mri
19947,23,15,67,14,2.695,2.595,unrelatedPrior,isWitness,noPhys,F,mri
19947,24,19,71,21,3.079,4.095,noPrior,noWitness,DNA,F,mri
19947,25,31,21,50,2.115,2.778,unrelatedPrior,noWitness,noPhys,F,mri
19947,26,11,81,33,2.846,3.168,noPrior,isWitness,DNA,F,mri
19947,27,16,83,47,3.676,2.709,relatedPrior,isWitness,nonDNA,F,mri
19947,28,32,67,35,3.228,2.11,relatedPrior,noWitness,nonDNA,F,mri
19947,29,6,88,14,2.729,2.044,relatedPrior,isWitness,DNA,F,mri
19947,30,5,93,54,3.211,2.093,noPrior,isWitness,nonDNA,F,mri
19947,31,21,55,74,3.896,2.009,unrelatedPrior,isWitness,DNA,F,mri
19947,32,18,67,32,3.296,2.093,unrelatedPrior,isWitness,DNA,F,mri
20051,0,3,49,33,4.36,5.214,relatedPrior,noWitness,nonDNA,F,mri
20051,1,12,83,41,3.801,3.698,unrelatedPrior,isWitness,DNA,F,mri
20051,2,16,41,74,3.791,4.673,unrelatedPrior,isWitness,noPhys,F,mri
20051,3,2,28,53,2.83,5.438,unrelatedPrior,noWitness,noPhys,F,mri
20051,4,1,43,39,4.53,4.496,noPrior,isWitness,noPhys,F,mri
20051,5,7,0,34,0.817,6,noPrior,noWitness,noPhys,T,mri
20051,6,31,39,62,2.85,4.774,relatedPrior,noWitness,nonDNA,F,mri
20051,7,11,45,77,3.654,4.294,unrelatedPrior,isWitness,nonDNA,F,mri
20051,8,26,47,64,3.459,4.683,unrelatedPrior,isWitness,nonDNA,F,mri
20051,9,9,60,49,2.881,5.051,relatedPrior,isWitness,noPhys,F,mri
20051,10,17,61,69,3.285,3.069,relatedPrior,isWitness,DNA,F,mri
20051,11,19,44,42,2.871,1.725,noPrior,isWitness,DNA,F,mri
20051,12,6,43,36,2.262,1.841,noPrior,noWitness,nonDNA,F,mri
20051,13,27,38,27,2.392,1.791,relatedPrior,noWitness,nonDNA,F,mri
20051,14,28,0,0,6,6,noPrior,isWitness,DNA,T,mri
20051,15,23,0,0,6,6,noPrior,isWitness,DNA,T,mri
20051,16,29,29,43,3.111,4.71,unrelatedPrior,noWitness,noPhys,F,mri
20051,17,15,85,45,2.85,2.193,unrelatedPrior,isWitness,nonDNA,F,mri
20051,18,20,70,54,3.206,5.155,unrelatedPrior,noWitness,DNA,F,mri
20051,19,24,28,41,1.795,5.404,unrelatedPrior,noWitness,noPhys,F,mri
20051,20,13,18,32,2.062,4.17,noPrior,noWitness,noPhys,F,mri
20051,21,8,43,49,3.06,4.969,unrelatedPrior,noWitness,nonDNA,F,mri
20051,22,14,69,71,3.417,3.287,noPrior,isWitness,nonDNA,F,mri
20051,23,4,43,35,2.803,1.795,relatedPrior,isWitness,noPhys,F,mri
20051,24,22,0,0,6,6,relatedPrior,isWitness,DNA,T,mri
19955,0,2,76,23,3.992,3.665,relatedPrior,isWitness,noPhys,F,mri
19955,1,17,89,78,2.926,3.458,unrelatedPrior,isWitness,nonDNA,F,mri
19955,2,12,41,21,2.506,2.023,relatedPrior,isWitness,noPhys,F,mri
19955,3,7,26,90,3.605,4.164,noPrior,isWitness,noPhys,F,mri
19955,4,22,0,27,0.659,3.052,noPrior,noWitness,nonDNA,F,mri
19955,5,19,40,23,2.912,2.876,unrelatedPrior,isWitness,nonDNA,F,mri
19955,6,3,8,10,3.363,1.903,noPrior,noWitness,DNA,F,mri
19955,7,32,35,65,2.924,3.404,unrelatedPrior,noWitness,noPhys,F,mri
19955,8,6,34,21,2.823,2.784,noPrior,noWitness,DNA,F,mri
19955,9,31,75,78,3.584,3.341,noPrior,noWitness,DNA,F,mri
19955,10,27,34,32,3.477,2.471,noPrior,noWitness,DNA,F,mri
19955,11,24,73,28,4.483,4.6,noPrior,noWitness,DNA,F,mri
19955,12,13,23,20,5.362,2.226,unrelatedPrior,noWitness,noPhys,F,mri
19955,13,21,46,85,4.092,3.49,unrelatedPrior,isWitness,nonDNA,F,mri
19955,14,9,41,36,3.726,2.313,noPrior,isWitness,DNA,F,mri
19955,15,30,83,45,3.127,2.866,noPrior,isWitness,nonDNA,F,mri
19955,16,1,79,37,3.125,2.56,unrelatedPrior,isWitness,noPhys,F,mri
19955,17,4,45,40,3.593,2.742,relatedPrior,noWitness,DNA,F,mri
19955,18,8,88,48,4.371,3.088,noPrior,isWitness,DNA,F,mri
19955,19,29,9,12,3.89,4.019,unrelatedPrior,noWitness,noPhys,F,mri
19955,20,16,67,93,4.856,4.158,unrelatedPrior,noWitness,nonDNA,F,mri
19955,21,15,70,30,4.259,1.886,relatedPrior,isWitness,nonDNA,F,mri
19955,22,10,61,44,3.144,2.705,relatedPrior,isWitness,nonDNA,F,mri
19955,23,28,35,84,5.083,5.026,unrelatedPrior,noWitness,nonDNA,F,mri
19955,24,18,36,46,3.271,3.001,unrelatedPrior,noWitness,DNA,F,mri
19955,25,5,94,96,4.474,5.768,noPrior,isWitness,nonDNA,F,mri
19955,26,33,54,10,4.856,3.791,relatedPrior,isWitness,DNA,F,mri
19955,27,26,88,69,4.676,3.693,relatedPrior,noWitness,DNA,F,mri
19955,28,20,92,76,4.076,3.992,unrelatedPrior,noWitness,nonDNA,F,mri
19955,29,25,50,43,3.494,3.009,relatedPrior,noWitness,DNA,F,mri
19955,30,14,77,55,4.397,3.161,noPrior,isWitness,DNA,F,mri
19955,31,23,55,51,3.833,3.79,unrelatedPrior,isWitness,DNA,F,mri
19955,32,11,88,84,3.656,5.622,relatedPrior,isWitness,DNA,F,mri
20032,0,17,75,46,2.964,6,relatedPrior,isWitness,DNA,T,mri
20032,1,15,24,11,1.766,3.194,noPrior,noWitness,DNA,F,mri
20032,2,18,0,22,1.779,3.544,unrelatedPrior,noWitness,nonDNA,F,mri
20032,3,21,0,71,2.047,4.763,unrelatedPrior,noWitness,noPhys,F,mri
20032,4,24,72,18,2.9,3.278,unrelatedPrior,isWitness,DNA,F,mri
20032,5,14,93,38,3.863,4.562,unrelatedPrior,isWitness,DNA,F,mri
20032,6,5,78,66,3.53,5.427,noPrior,noWitness,DNA,F,mri
20032,7,33,0,21,2.197,4.627,unrelatedPrior,noWitness,noPhys,F,mri
20032,8,31,71,62,3.797,4.209,noPrior,noWitness,DNA,F,mri
20032,9,12,93,28,3.347,4.011,relatedPrior,isWitness,DNA,F,mri
20032,10,23,45,71,2.446,4.861,unrelatedPrior,isWitness,noPhys,F,mri
20032,11,13,64,18,3.196,2.792,unrelatedPrior,isWitness,noPhys,F,mri
20032,12,9,69,30,3.063,3.774,relatedPrior,isWitness,nonDNA,F,mri
20032,13,28,0,100,0.976,2.935,noPrior,noWitness,DNA,F,mri
20032,14,7,37,47,2.493,2.741,noPrior,isWitness,noPhys,F,mri
20032,15,30,57,46,2.857,4.456,relatedPrior,noWitness,DNA,F,mri
20032,16,29,100,17,4.765,3.576,unrelatedPrior,isWitness,DNA,F,mri
20032,17,2,85,9,3.712,3.777,noPrior,isWitness,nonDNA,F,mri
20032,18,11,89,63,3.043,3.644,relatedPrior,isWitness,nonDNA,F,mri
20032,19,8,45,21,2.612,2.411,noPrior,isWitness,noPhys,F,mri
20032,20,4,46,17,3.965,3.043,relatedPrior,noWitness,nonDNA,F,mri
20032,21,19,59,11,2.945,2.593,noPrior,isWitness,nonDNA,F,mri
20032,22,1,52,0,2.547,1.061,relatedPrior,noWitness,nonDNA,F,mri
20032,23,32,0,76,1.293,3.811,relatedPrior,noWitness,noPhys,F,mri
20032,24,6,51,12,2.311,3.444,noPrior,isWitness,DNA,F,mri
20032,25,25,80,17,3.345,3.111,relatedPrior,isWitness,DNA,F,mri
20032,26,20,85,88,3.013,4.419,noPrior,isWitness,nonDNA,F,mri
20032,27,3,35,9,1.914,1.692,relatedPrior,isWitness,noPhys,F,mri
20032,28,22,68,19,2.197,1.911,noPrior,isWitness,DNA,F,mri
20032,29,27,27,0,2.679,1.51,unrelatedPrior,isWitness,DNA,F,mri
20032,30,26,81,100,2.796,3.061,unrelatedPrior,isWitness,nonDNA,F,mri
20032,31,10,0,80,1.014,4.727,unrelatedPrior,noWitness,noPhys,F,mri
20032,32,16,44,62,3.394,3.111,noPrior,noWitness,nonDNA,F,mri
20026,0,25,20,16,3.141,3.464,unrelatedPrior,isWitness,noPhys,F,mri
20026,1,10,12,90,2.494,4.609,unrelatedPrior,isWitness,noPhys,F,mri
20026,2,6,58,33,4.966,3.594,noPrior,isWitness,DNA,F,mri
20026,3,2,94,28,3.346,5.277,unrelatedPrior,isWitness,DNA,F,mri
20026,4,22,0,34,1.725,4.163,noPrior,noWitness,noPhys,F,mri
20026,5,14,0,71,0.764,2.592,relatedPrior,isWitness,noPhys,F,mri
20026,6,5,87,100,2.895,4.543,relatedPrior,noWitness,DNA,F,mri
20026,7,1,66,49,3.967,2.71,relatedPrior,noWitness,DNA,F,mri
20026,8,31,31,71,3.028,3.331,relatedPrior,noWitness,noPhys,F,mri
20026,9,23,17,92,4.213,6,noPrior,isWitness,nonDNA,T,mri
20026,10,17,53,79,3.495,3.763,unrelatedPrior,noWitness,DNA,F,mri
20026,11,12,82,39,3.23,3.144,relatedPrior,noWitness,nonDNA,F,mri
20026,12,16,64,0,3.166,2.447,relatedPrior,noWitness,nonDNA,F,mri
20026,13,11,14,78,1.646,2.993,noPrior,isWitness,noPhys,F,mri
20026,14,4,36,37,3.565,3.008,relatedPrior,isWitness,noPhys,F,mri
20026,15,7,63,95,3.062,2.492,relatedPrior,isWitness,noPhys,F,mri
20026,16,9,15,23,2.446,2.644,unrelatedPrior,noWitness,noPhys,F,mri
20026,17,28,44,100,3.077,3.861,relatedPrior,isWitness,DNA,F,mri
20026,18,30,66,56,3.328,2.859,unrelatedPrior,noWitness,nonDNA,F,mri
20026,19,32,65,99,3.379,3.577,unrelatedPrior,noWitness,DNA,F,mri
20026,20,29,22,52,2.461,5.526,relatedPrior,noWitness,noPhys,F,mri
20026,21,20,100,67,2.607,3.044,relatedPrior,isWitness,DNA,F,mri
20026,22,24,0,43,1.879,3.828,noPrior,noWitness,noPhys,F,mri
20026,23,15,61,38,3.511,4.094,unrelatedPrior,noWitness,DNA,F,mri
20026,24,13,50,31,3.313,3.343,noPrior,isWitness,nonDNA,F,mri
20026,25,19,75,34,2.513,2.775,unrelatedPrior,isWitness,DNA,F,mri
20026,26,33,14,69,2.529,2.911,unrelatedPrior,noWitness,DNA,F,mri
20026,27,3,23,12,3.026,3.076,unrelatedPrior,noWitness,noPhys,F,mri
20026,28,21,83,98,3.396,3.261,unrelatedPrior,noWitness,nonDNA,F,mri
20026,29,8,56,40,2.73,6,relatedPrior,isWitness,nonDNA,T,mri
20026,30,27,56,17,3.34,3.511,relatedPrior,isWitness,nonDNA,F,mri
20026,31,26,20,68,2.913,2.694,noPrior,isWitness,noPhys,F,mri
20026,32,18,57,25,5.429,3.243,unrelatedPrior,noWitness,nonDNA,F,mri
20033,0,31,50,31,2.994,5.76,noPrior,noWitness,nonDNA,F,mri
20033,1,15,52,15,3.31,3.11,noPrior,isWitness,noPhys,F,mri
20033,2,21,0,87,3.547,5.477,unrelatedPrior,noWitness,noPhys,F,mri
20033,3,24,78,39,6,2.96,relatedPrior,isWitness,nonDNA,T,mri
20033,4,3,27,27,2.244,2.644,noPrior,noWitness,nonDNA,F,mri
20033,5,2,11,28,1.444,1.226,unrelatedPrior,isWitness,noPhys,F,mri
20033,6,1,88,33,2.95,3.861,relatedPrior,isWitness,DNA,F,mri
20033,7,12,12,52,1.996,2.028,noPrior,noWitness,noPhys,F,mri
20033,8,26,35,100,2.6,2.144,relatedPrior,isWitness,noPhys,F,mri
20033,9,33,12,66,2.728,1.675,noPrior,isWitness,nonDNA,F,mri
20033,10,29,71,45,5.146,3.227,relatedPrior,noWitness,nonDNA,F,mri
20033,11,20,100,81,2.43,5.893,noPrior,isWitness,DNA,F,mri
20033,12,32,76,94,2.51,3.077,noPrior,isWitness,DNA,F,mri
20033,13,25,34,55,1.512,1.661,relatedPrior,isWitness,noPhys,F,mri
20033,14,13,95,40,3.179,2.38,relatedPrior,isWitness,DNA,F,mri
20033,15,27,29,11,3.795,2.309,unrelatedPrior,isWitness,noPhys,F,mri
20033,16,11,49,82,1.866,4.26,noPrior,isWitness,noPhys,F,mri
20033,17,30,62,74,3.061,3.414,relatedPrior,isWitness,noPhys,F,mri
20033,18,17,41,100,2.246,5.477,relatedPrior,noWitness,DNA,F,mri
20033,19,19,43,22,1.445,2.643,noPrior,noWitness,DNA,F,mri
20033,20,14,0,74,0.644,3.906,unrelatedPrior,isWitness,nonDNA,F,mri
20033,21,28,59,94,2.213,2.058,relatedPrior,noWitness,nonDNA,F,mri
20033,22,7,100,63,2.1,1.691,relatedPrior,isWitness,nonDNA,F,mri
20033,23,5,39,81,1.628,2.158,relatedPrior,noWitness,nonDNA,F,mri
20033,24,10,67,95,2.157,1.865,noPrior,isWitness,DNA,F,mri
20033,25,18,30,44,1.858,1.59,noPrior,noWitness,DNA,F,mri
20033,26,4,84,19,2.463,0.76,relatedPrior,noWitness,DNA,F,mri
20033,27,23,49,84,1.743,3.158,unrelatedPrior,noWitness,nonDNA,F,mri
20033,28,22,28,50,1.426,1.294,unrelatedPrior,noWitness,noPhys,F,mri
20033,29,16,13,89,1.262,2.711,noPrior,isWitness,noPhys,F,mri
20033,30,9,46,23,1.52,1.469,unrelatedPrior,noWitness,nonDNA,F,mri
20033,31,8,91,49,4.411,1.794,unrelatedPrior,isWitness,nonDNA,F,mri
20033,32,6,18,10,0.923,1.143,unrelatedPrior,isWitness,noPhys,F,mri
19953,0,18,22,19,3.279,4.988,relatedPrior,noWitness,noPhys,F,mri
19953,1,29,72,68,2.328,4.11,noPrior,noWitness,nonDNA,F,mri
19953,2,16,7,86,3.146,5.378,noPrior,noWitness,noPhys,F,mri
19953,3,12,72,44,3.978,2.861,noPrior,isWitness,DNA,F,mri
19953,4,8,60,63,3.78,3.177,relatedPrior,isWitness,noPhys,F,mri
19953,5,30,71,64,2.792,2.611,relatedPrior,noWitness,DNA,F,mri
19953,6,33,55,90,2.913,4.202,noPrior,isWitness,noPhys,F,mri
19953,7,25,43,6,1.976,3.688,unrelatedPrior,noWitness,noPhys,F,mri
19953,8,5,51,90,1.874,2.683,relatedPrior,noWitness,DNA,F,mri
19953,9,6,55,38,2.681,5.26,relatedPrior,noWitness,DNA,F,mri
19953,10,7,84,88,4.308,3.471,unrelatedPrior,noWitness,DNA,F,mri
19953,11,1,78,22,2.212,3.588,noPrior,isWitness,nonDNA,F,mri
19953,12,13,55,59,3.547,3.812,relatedPrior,noWitness,nonDNA,F,mri
19953,13,22,67,52,3.973,3.479,unrelatedPrior,isWitness,noPhys,F,mri
19953,14,2,62,51,4.139,1.977,noPrior,noWitness,DNA,F,mri
19953,15,4,75,41,2.835,1.457,unrelatedPrior,isWitness,DNA,F,mri
19953,16,19,0,42,6,1.442,relatedPrior,noWitness,noPhys,T,mri
19953,17,10,76,100,3.649,2.901,noPrior,noWitness,DNA,F,mri
19953,18,9,22,65,1.26,3.41,noPrior,noWitness,noPhys,F,mri
19953,19,24,24,49,1.175,3.348,relatedPrior,noWitness,noPhys,F,mri
19953,20,14,57,87,4.43,2.476,relatedPrior,noWitness,DNA,F,mri
19953,21,15,78,0,3.087,2.926,noPrior,isWitness,DNA,F,mri
19953,22,3,15,26,1.367,2.504,unrelatedPrior,noWitness,DNA,F,mri
19953,23,20,76,76,5.838,3.085,noPrior,noWitness,nonDNA,F,mri
19953,24,31,0,77,3.263,3.093,noPrior,isWitness,nonDNA,F,mri
19953,25,11,55,75,3.082,4.043,noPrior,isWitness,noPhys,F,mri
19953,26,17,33,68,2.523,2.568,noPrior,noWitness,DNA,F,mri
19953,27,21,71,91,2.114,1.913,relatedPrior,noWitness,nonDNA,F,mri
19953,28,27,60,10,4.229,2.944,relatedPrior,noWitness,nonDNA,F,mri
19953,29,23,65,100,3.158,6,unrelatedPrior,isWitness,nonDNA,T,mri
19953,30,32,70,87,2.376,4.076,noPrior,noWitness,DNA,F,mri
19953,31,26,89,81,2.164,2.764,relatedPrior,isWitness,noPhys,F,mri
19953,32,28,65,56,2.179,2.578,relatedPrior,noWitness,noPhys,F,mri